word_ID	word	word_count_in_CTB	difficulty_level	type
42	桿直	1	2	a-head
57	落空	2	2	a-head
98	灰黑	1	2	a-head
121	嚴寒	1	1	a-head
178	油亮	2	1	a-head
211	刻苦	4	3	a-head
276	至多	1	1	a-head
312	閑靜	2	1	a-head
462	端正	3	2	a-head
491	親自	18	3	a-head
609	新奇	3	1	a-head
610	多彩	1	1	a-head
640	早先	4	3	a-head
768	好久	3	2	a-head
989	惡臭	1	1	a-head
1077	淒涼	1	3	a-head
1083	翠綠	1	1	a-head
1158	鮮紅	1	1	a-head
1264	優美	4	1	a-head
1313	特長	4	2	a-head
1390	遠古	2	2	a-head
1428	特重	1	1	a-head
1517	盡早	7	2	a-head
1555	麻煩	9	3	a-head
1632	昂貴	11	2	a-head
2035	浩大	4	2	a-head
2075	更快	1	1	a-head
2082	恆溫	1	1	a-head
2361	均富	2	1	a-head
2475	激憤	3	2	a-head
2483	赤誠	1	1	a-head
2489	同寬	1	1	a-head
2550	恰好	3	1	a-head
2	收縮	2	1	conj
5	臨摹	3	1	conj
8	整發	1	2	conj
10	拋棄	3	1	conj
26	分送	1	1	conj
27	律法	1	1	conj
39	奔流	1	1	conj
40	山河	1	1	conj
59	判讀	3	3	conj
75	送贈	2	1	conj
77	環節	13	1	conj
83	指引	6	2	conj
87	作育	1	1	conj
88	方正	1	2	conj
104	牽引	1	1	conj
105	柴薪	1	1	conj
112	生活	264	2	conj
113	授予	5	1	conj
115	江山	1	2	conj
120	退讓	3	2	conj
123	窠臼	2	1	conj
126	激勵	5	2	conj
128	章程	2	2	conj
136	傳唱	1	2	conj
145	配戴	2	2	conj
158	姐妹	1	1	conj
160	消除	16	2	conj
163	道義	1	1	conj
165	位置	34	2	conj
176	拍打	8	1	conj
177	胃腸	1	1	conj
192	氣息	7	2	conj
195	擱置	2	1	conj
198	順便	4	2	conj
202	述評	3	2	conj
207	景像	1	1	conj
225	分裂	22	1	conj
232	抨擊	3	1	conj
233	隱瞞	2	2	conj
248	抵押	5	1	conj
253	村鎮	3	1	conj
261	搜集	3	2	conj
262	溫潤	1	2	conj
263	邊界	19	1	conj
266	戰爭	57	2	conj
267	驚擾	1	2	conj
268	市鎮	10	1	conj
271	取代	25	1	conj
286	扶植	2	2	conj
319	比擬	2	1	conj
320	消逝	2	2	conj
321	淪落	2	2	conj
322	盛載	1	2	conj
324	光鮮	4	1	conj
325	挖取	2	1	conj
331	見證	14	2	conj
333	徘徊	4	1	conj
344	連繫	1	1	conj
348	查緝	4	1	conj
350	承攬	1	1	conj
360	文書	4	1	conj
361	煙硝	1	2	conj
364	厭倦	2	2	conj
366	倉惶	1	2	conj
368	購置	1	1	conj
370	批改	1	2	conj
387	驚恐	1	1	conj
391	底細	1	3	conj
395	承接	3	1	conj
396	答應	5	2	conj
398	俯拾	1	1	conj
402	苦難	2	1	conj
410	衍伸	1	2	conj
427	奇怪	5	1	conj
431	山巒	2	1	conj
436	牽制	3	3	conj
438	營救	1	3	conj
448	偶像	15	3	conj
456	節制	4	2	conj
463	生徒	1	1	conj
466	光陰	1	2	conj
468	退縮	2	2	conj
471	巡迴	3	1	conj
473	耕讀	1	2	conj
475	奇幻	2	2	conj
476	腐敗	1	3	conj
482	熄滅	1	1	conj
484	殺戮	2	1	conj
485	品評	1	1	conj
493	質素	4	2	conj
494	根源	3	1	conj
498	節儉	2	1	conj
499	展延	2	1	conj
501	閒適	2	1	conj
502	境界	5	1	conj
509	招呼	2	1	conj
511	啟發	7	1	conj
512	生師	1	1	conj
522	追索	2	1	conj
525	印刷	4	1	conj
528	信息	82	1	conj
530	區域	56	1	conj
533	感覺	46	1	conj
534	計畫	61	1	conj
535	協商	18	1	conj
542	評比	6	1	conj
544	包庇	1	1	conj
554	托持	1	3	conj
555	啟用	20	1	conj
560	豐足	1	1	conj
576	負荷	3	1	conj
580	管制	14	1	conj
590	打扮	23	2	conj
591	牌匾	1	1	conj
596	工讀	1	1	conj
599	凝聚	13	1	conj
607	稻米	4	1	conj
613	審核	6	1	conj
618	射擊	2	1	conj
619	湖泊	1	1	conj
622	琢磨	4	1	conj
635	盈虧	6	1	conj
636	演唱	15	1	conj
637	部屬	3	1	conj
661	培育	28	1	conj
667	禮讚	1	2	conj
670	援贈	1	2	conj
676	探險	4	2	conj
693	驚喜	1	1	conj
694	撥發	1	1	conj
696	流變	2	2	conj
708	夫妻	13	1	conj
714	復健	4	1	conj
720	劫持	3	1	conj
726	任用	2	2	conj
727	鼓舞	5	2	conj
738	套取	1	3	conj
739	紡織	65	2	conj
742	分發	2	1	conj
746	削減	4	3	conj
753	倣傚	3	3	conj
757	飛舞	1	2	conj
762	工藝	19	2	conj
766	比喻	5	2	conj
774	會談	47	2	conj
777	唯獨	4	2	conj
785	操演	1	1	conj
802	官民	1	1	conj
803	服裝	23	1	conj
804	會計	8	2	conj
808	掃除	10	1	conj
809	敦實	1	1	conj
814	跌坐	1	1	conj
815	彈奏	1	2	conj
831	情調	1	2	conj
832	侵害	2	1	conj
835	劃撥	1	1	conj
838	規程	1	2	conj
842	顯貴	1	1	conj
846	允諾	2	2	conj
847	創新	64	1	conj
850	歡愉	1	1	conj
860	律例	1	2	conj
867	出現	152	2	conj
870	刪減	1	1	conj
871	接連	4	1	conj
872	遮掩	1	1	conj
875	中西	6	1	conj
881	緝拿	1	2	conj
884	馳援	1	3	conj
888	緩慢	10	1	conj
891	清淡	2	1	conj
900	花費	9	2	conj
906	奇偉	1	3	conj
911	險惡	2	1	conj
919	機緣	3	2	conj
935	滋味	4	1	conj
940	扶助	1	1	conj
943	載負	1	1	conj
949	繳交	2	1	conj
957	貧瘠	1	2	conj
969	院校	19	2	conj
970	歇息	1	1	conj
975	懶惰	1	1	conj
985	豐美	2	2	conj
986	家戶	2	2	conj
990	俯伏	1	1	conj
992	富強	4	1	conj
993	衣食	1	1	conj
1000	指點	3	1	conj
1019	恥辱	1	1	conj
1023	空曠	1	1	conj
1025	險峻	2	2	conj
1033	年歲	6	1	conj
1035	參雜	1	1	conj
1038	艱辛	7	2	conj
1042	編導	2	2	conj
1043	壽命	9	2	conj
1047	探詢	2	2	conj
1059	探訪	2	2	conj
1060	沈降	1	1	conj
1064	欣慰	5	1	conj
1086	會聚	1	2	conj
1088	推行	38	3	conj
1095	減損	1	3	conj
1104	帝王	8	2	conj
1105	整修	2	3	conj
1115	排解	1	2	conj
1119	悲苦	2	2	conj
1126	院所	3	1	conj
1128	來回	1	2	conj
1132	禮節	1	2	conj
1136	訊息	12	1	conj
1137	階層	13	1	conj
1141	闌珊	1	3	conj
1142	叛逆	4	1	conj
1147	籌設	3	2	conj
1148	緊實	2	2	conj
1150	疏鬆	1	1	conj
1159	動作	31	3	conj
1162	涉獵	2	3	conj
1167	伸張	2	1	conj
1170	坐落	1	3	conj
1172	慨歎	4	2	conj
1174	戒嚴	14	3	conj
1182	結構	125	1	conj
1183	憾恨	1	2	conj
1184	終止	7	1	conj
1192	播放	8	1	conj
1198	安息	1	1	conj
1209	散亂	1	2	conj
1220	來去	1	1	conj
1232	訓導	2	2	conj
1233	資格	36	2	conj
1236	書籍	15	1	conj
1239	指陳	3	2	conj
1240	摧毀	1	2	conj
1245	分散	10	1	conj
1250	行銷	26	3	conj
1258	養殖	9	2	conj
1262	藩籬	2	1	conj
1268	分擔	4	3	conj
1271	鳳凰	1	2	conj
1277	理智	2	3	conj
1281	停頓	2	1	conj
1291	能否	21	3	conj
1294	收儲	1	1	conj
1296	觀摩	1	1	conj
1304	停靠	2	2	conj
1319	昌隆	1	1	conj
1327	宮城	4	2	conj
1344	陳奏	1	3	conj
1354	派發	2	2	conj
1361	細柔	2	2	conj
1382	絹帛	1	1	conj
1383	迷惑	1	2	conj
1384	升騰	1	2	conj
1391	灰燼	1	1	conj
1396	浸淫	3	2	conj
1401	浪潮	9	1	conj
1410	克盡	1	3	conj
1413	組接	1	1	conj
1414	庫場	1	2	conj
1421	參訪	5	1	conj
1441	名聲	4	2	conj
1446	子弟	31	2	conj
1449	親戚	5	2	conj
1451	搖滾	4	3	conj
1453	摩擦	2	2	conj
1467	撰寫	13	1	conj
1469	名義	20	3	conj
1474	衣裳	1	1	conj
1478	交會	2	2	conj
1481	記取	2	2	conj
1495	眷屬	7	3	conj
1499	升降	2	1	conj
1502	坦白	3	3	conj
1508	平安	4	3	conj
1509	油脂	1	1	conj
1513	奔騰	3	2	conj
1526	簽署	56	1	conj
1531	切實	16	2	conj
1532	兇猛	1	1	conj
1533	理工	3	1	conj
1538	執掌	3	3	conj
1541	輕盈	1	3	conj
1547	體認	5	2	conj
1558	口腹	1	2	conj
1567	精湛	4	2	conj
1568	啟動	54	2	conj
1572	橋樑	18	3	conj
1573	猶疑	1	2	conj
1575	權勢	1	1	conj
1577	圍繞	11	1	conj
1578	奉養	1	2	conj
1579	坦率	3	3	conj
1585	經受	6	1	conj
1586	志趣	1	3	conj
1591	風氣	22	2	conj
1593	探知	1	3	conj
1596	器重	1	3	conj
1598	材料	44	3	conj
1603	灘涂	6	3	conj
1604	積壓	4	2	conj
1611	維修	15	3	conj
1616	濕紅	1	3	conj
1617	名稱	10	3	conj
1618	洪澇	9	2	conj
1621	投靠	2	3	conj
1623	船艦	2	1	conj
1627	稍微	2	2	conj
1630	彰顯	2	3	conj
1637	揣測	1	3	conj
1642	飛揚	2	2	conj
1645	批駁	1	2	conj
1649	投降	1	2	conj
1657	填充	1	1	conj
1658	場域	1	2	conj
1669	苦毒	2	1	conj
1671	質問	1	1	conj
1686	飄散	2	1	conj
1691	視察	9	1	conj
1695	堡壘	2	1	conj
1696	污蔑	1	2	conj
1698	土石	5	1	conj
1701	情況	183	1	conj
1702	貯存	3	1	conj
1714	抵達	16	1	conj
1719	瀟灑	2	3	conj
1721	添加	2	1	conj
1723	哀悼	6	1	conj
1724	調集	1	3	conj
1729	搖擺	1	1	conj
1739	旅遊	108	2	conj
1740	唏噓	1	3	conj
1741	風暴	44	2	conj
1749	旁邊	8	3	conj
1750	印行	1	2	conj
1754	感念	2	2	conj
1755	伎倆	1	2	conj
1756	籌畫	1	2	conj
1765	要害	2	2	conj
1768	批閱	1	1	conj
1773	裝潢	6	3	conj
1777	倒退	4	2	conj
1789	架勢	1	1	conj
1791	數額	9	2	conj
1792	秩序	36	2	conj
1802	錄取	12	2	conj
1809	圖畫	1	1	conj
1817	板塊	3	2	conj
1823	稱呼	5	2	conj
1830	仿作	1	2	conj
1831	回答	20	2	conj
1833	出動	6	2	conj
1840	拆解	1	1	conj
1841	奉送	1	2	conj
1847	哽咽	2	2	conj
1850	波濤	1	2	conj
1858	奔跑	3	1	conj
1864	猜測	7	1	conj
1869	雲霧	6	1	conj
1870	獵捕	1	2	conj
1877	發放	10	1	conj
1878	給付	1	1	conj
1885	表示	449	1	conj
1895	分享	14	1	conj
1905	真假	1	1	conj
1909	更改	4	3	conj
1912	體系	85	3	conj
1915	跨越	12	1	conj
1919	波流	1	2	conj
1922	轉折	6	1	conj
1925	織造	2	2	conj
1932	兌換	6	1	conj
1937	傷病	1	1	conj
1944	色澤	8	2	conj
1985	服從	3	3	conj
1993	斷裂	4	2	conj
1998	願望	9	2	conj
2001	拼組	1	1	conj
2009	濕滑	1	1	conj
2015	精幹	2	1	conj
2019	節約	6	1	conj
2020	修讀	2	1	conj
2023	損害	8	1	conj
2028	關卡	4	3	conj
2032	談論	6	1	conj
2038	揉捻	1	1	conj
2046	承諾	31	3	conj
2051	收集	20	1	conj
2059	打造	16	2	conj
2064	碾磨	1	1	conj
2068	品味	5	3	conj
2070	封鎖	5	2	conj
2076	坐擁	3	3	conj
2080	光彩	2	2	conj
2081	狂熱	5	2	conj
2085	河流	9	1	conj
2090	承襲	4	1	conj
2093	推敲	1	1	conj
2095	辛勤	4	1	conj
2101	感受	25	1	conj
2112	接收	12	2	conj
2117	參照	3	2	conj
2124	約制	1	1	conj
2126	苦寂	1	3	conj
2133	採擷	1	1	conj
2144	險阻	1	1	conj
2151	開墾	3	1	conj
2158	交互	1	3	conj
2161	兒孫	2	1	conj
2172	裁撤	4	1	conj
2173	榜樣	3	2	conj
2175	排放	11	1	conj
2177	社教	2	1	conj
2178	樓宇	13	2	conj
2181	容顏	4	1	conj
2185	排擠	4	1	conj
2188	風土	4	3	conj
2195	佔領	7	2	conj
2196	浮動	2	2	conj
2201	沖泡	1	1	conj
2220	推想	1	2	conj
2223	描寫	12	1	conj
2224	裁抑	1	1	conj
2225	波折	2	3	conj
2230	纖維	43	1	conj
2242	核銷	4	1	conj
2244	演練	2	2	conj
2246	豐厚	6	1	conj
2252	煙霧	1	1	conj
2253	位階	1	1	conj
2257	僵持	1	3	conj
2260	呼喚	2	1	conj
2264	中外	57	1	conj
2265	音樂	87	1	conj
2267	本初	1	1	conj
2269	編配	1	1	conj
2271	破舊	3	1	conj
2272	情境	6	1	conj
2277	書報	1	1	conj
2281	符號	6	2	conj
2290	搭乘	3	1	conj
2296	期勉	1	1	conj
2304	順暢	3	1	conj
2313	編造	1	1	conj
2318	議決	2	2	conj
2322	澄清	2	2	conj
2331	收購	34	2	conj
2333	技能	4	2	conj
2336	推崇	3	1	conj
2341	酷炫	1	1	conj
2343	工作	553	3	conj
2347	簽批	1	1	conj
2352	血淚	3	1	conj
2356	配用	1	2	conj
2359	改變	96	1	conj
2360	會同	4	3	conj
2374	恩怨	1	1	conj
2383	演示	1	1	conj
2384	化約	2	1	conj
2392	學養	1	1	conj
2393	權限	3	3	conj
2404	啄食	1	2	conj
2407	遣送	1	1	conj
2414	禮俗	1	2	conj
2416	承續	1	2	conj
2418	創辦	29	2	conj
2428	婚嫁	1	1	conj
2432	選購	2	1	conj
2450	奮發	1	2	conj
2451	走訪	3	1	conj
2454	儀容	1	1	conj
2457	坍塌	3	1	conj
2458	順應	11	2	conj
2466	薄弱	4	1	conj
2468	提取	2	1	conj
2476	陶醉	1	2	conj
2484	恐怕	25	2	conj
2486	彙編	1	1	conj
2490	擅長	5	2	conj
2494	測量	4	1	conj
2496	透露	55	1	conj
2499	解除	26	1	conj
2502	借用	13	2	conj
2503	轉任	1	2	conj
2506	轉令	1	1	conj
2509	興榮	1	1	conj
2512	畜牧	2	1	conj
2523	書信	3	1	conj
2524	度量	1	3	conj
2534	崇揚	1	1	conj
2535	房舍	4	1	conj
2545	逼迫	1	1	conj
2546	姿態	8	2	conj
2553	訴說	9	1	conj
2555	破碎	4	1	conj
2559	遵行	1	3	conj
2561	停止	41	1	conj
2564	換代	2	1	conj
2565	創設	1	1	conj
2572	抒發	2	1	conj
2576	勞累	3	1	conj
2578	捍御	1	1	conj
2585	安逸	1	1	conj
2589	類別	2	1	conj
2590	控告	1	1	conj
2604	吟唱	3	1	conj
2605	策畫	1	1	conj
2606	捉弄	1	1	conj
2607	策略	33	1	conj
2613	採取	120	1	conj
2616	宣讀	2	1	conj
2620	到達	9	1	conj
2621	表彰	3	1	conj
2624	檢驗	20	1	conj
2634	警戒	2	2	conj
2635	繳獲	1	2	conj
2636	輕便	2	2	conj
2639	花俏	1	1	conj
2646	穿越	7	2	conj
2650	權責	2	1	conj
2659	遮蔽	1	1	conj
2662	遮蔭	1	2	conj
2664	按摩	6	2	conj
2668	昏暗	1	2	conj
2669	把玩	2	2	conj
2672	厭恨	1	1	conj
2681	附近	34	2	conj
2683	收聽	2	1	conj
2686	生猛	1	1	conj
2690	神佛	2	1	conj
2696	指控	4	1	conj
2697	聘雇	1	1	conj
2699	分銷	3	2	conj
2714	鋼鐵	20	1	conj
2716	排列	3	1	conj
2724	街市	2	2	conj
2728	退避	1	1	conj
2729	送遞	1	1	conj
2730	一二	1	1	conj
2733	零碎	2	1	conj
2740	拯救	1	1	conj
2755	功績	1	1	conj
2757	商議	1	1	conj
2758	學識	1	1	conj
2759	睡覺	2	3	conj
2760	進行	493	1	conj
2761	造詣	1	3	conj
2762	學說	5	2	conj
2764	造訪	7	1	conj
2767	版本	8	2	conj
2768	庇護	2	1	conj
2769	脈絡	6	1	conj
2773	賞賜	1	1	conj
2775	防護	3	1	conj
2777	請求	6	1	conj
2779	扮演	27	1	conj
2780	妻小	2	1	conj
2781	方案	67	2	conj
2782	捐助	6	1	conj
2785	遷移	2	1	conj
2786	翻飛	1	1	conj
2788	招式	1	1	conj
2789	庇蔭	2	1	conj
2794	維繫	6	2	conj
2795	景仰	1	3	conj
2796	訓練	46	1	conj
2805	屈服	4	2	conj
2807	疆域	2	1	conj
2808	風險	76	2	conj
2809	修改	18	1	conj
2811	疆土	1	2	conj
2813	制約	16	1	conj
2815	水土	9	1	conj
2817	田徑	20	2	conj
2819	枝葉	1	1	conj
2820	拓墾	1	1	conj
2824	日夜	1	1	conj
2828	氛圍	3	1	conj
2829	奠定	22	2	conj
2830	形態	3	1	conj
2833	匆忙	2	1	conj
2835	積累	8	1	conj
2836	嘉惠	2	1	conj
2837	聯繫	71	1	conj
2838	歡欣	1	1	conj
2840	煤炭	18	1	conj
2841	查看	2	1	conj
2842	檢舉	2	1	conj
2843	心力	7	2	conj
2844	徵召	1	1	conj
2846	災變	3	2	conj
2847	明亮	3	1	conj
2849	意見	57	2	conj
2854	懲治	2	1	conj
2855	聆聽	5	1	conj
2857	分秒	1	1	conj
2858	逗留	1	1	conj
2859	評析	1	1	conj
2860	介紹	208	1	conj
2861	摸索	12	1	conj
2863	對應	4	1	conj
2866	依托	9	1	conj
2867	埋葬	1	1	conj
2874	規範	36	1	conj
2875	勘察	1	1	conj
2877	緣故	4	1	conj
2879	戰役	1	2	conj
2880	登記	24	1	conj
2883	清潔	6	1	conj
2884	理由	22	1	conj
2885	房屋	27	1	conj
2886	教導	10	1	conj
2887	鬍鬚	1	1	conj
2888	背棄	1	1	conj
2891	匱乏	3	1	conj
2892	驕傲	8	1	conj
2893	接送	3	1	conj
2894	攙扶	2	1	conj
2895	經歷	30	1	conj
2896	猶豫	5	3	conj
2897	研商	1	1	conj
2900	告訴	38	1	conj
2901	祝賀	9	1	conj
2902	搜羅	1	2	conj
2904	遷徙	2	1	conj
2906	遵循	8	2	conj
2909	監督	46	2	conj
2911	雕塑	17	1	conj
2915	勞動	18	2	conj
2917	延宕	2	1	conj
2919	貢獻	71	1	conj
2920	探討	20	1	conj
2923	儲蓄	15	1	conj
2924	砍伐	3	1	conj
2925	懊惱	3	1	conj
2927	解放	21	1	conj
2928	詢問	8	1	conj
2930	樞紐	22	3	conj
2931	散佈	3	1	conj
2932	雕刻	16	1	conj
2933	傳遞	5	1	conj
2934	阻擋	6	1	conj
2938	收取	3	1	conj
2939	急遽	1	1	conj
2941	準備	105	1	conj
2942	偵防	12	1	conj
2945	功勞	2	1	conj
2947	理會	2	1	conj
2948	審判	13	1	conj
2949	粗糙	6	1	conj
2950	憤怒	6	1	conj
2951	親朋	1	1	conj
2953	柔弱	1	1	conj
2954	檢查	66	1	conj
2957	素樸	2	1	conj
2960	填寫	2	1	conj
2963	場所	10	1	conj
2964	揭發	1	1	conj
2965	盼望	5	1	conj
2970	聰慧	1	1	conj
2974	接納	10	1	conj
2975	高超	2	1	conj
2977	檢控	2	2	conj
2978	哀樂	2	1	conj
2980	告知	3	1	conj
2981	興趣	50	1	conj
2987	奴隸	3	1	conj
2988	機構	310	1	conj
2990	口舌	1	1	conj
2991	仇恨	6	1	conj
2992	冤枉	1	1	conj
2994	機械	57	1	conj
2995	揮灑	6	1	conj
2996	披露	11	3	conj
2997	祈禱	1	1	conj
2999	宣佈	109	1	conj
3000	平坦	1	1	conj
3001	船舶	11	1	conj
3004	狹窄	3	1	conj
3006	光滑	2	2	conj
3008	性能	4	2	conj
3009	採用	52	1	conj
3010	撼動	2	1	conj
3013	忘記	11	3	conj
3015	淪喪	1	3	conj
3018	期望	21	1	conj
3019	財富	16	1	conj
3021	修長	1	3	conj
3024	彙集	10	1	conj
3027	移居	6	2	conj
3028	治療	28	1	conj
3029	生醫	7	1	conj
3030	倚賴	1	1	conj
3031	滲透	3	1	conj
3032	押解	1	1	conj
3033	調配	2	1	conj
3037	接洽	2	1	conj
3039	囚禁	4	1	conj
3041	轉接	1	1	conj
3042	諮詢	21	1	conj
3045	呼應	6	1	conj
3046	門戶	1	1	conj
3048	迅即	1	3	conj
3049	祈求	1	1	conj
3050	申請	77	1	conj
3054	搜尋	11	1	conj
3055	藝文	3	2	conj
3059	樓房	5	1	conj
3061	儉樸	1	1	conj
3063	銷售	72	1	conj
3065	兵將	1	1	conj
3066	對錯	1	1	conj
3067	病痛	3	1	conj
3069	奉行	3	2	conj
3070	疾病	27	1	conj
3071	疼痛	2	1	conj
3072	咳嗽	1	1	conj
3074	租售	1	1	conj
3075	批評	37	1	conj
3076	辛勞	2	1	conj
3077	靦腆	1	1	conj
3079	衍生	4	1	conj
3083	顧慮	7	1	conj
3085	興盛	4	1	conj
3087	發射	23	1	conj
3088	遼闊	3	1	conj
3089	拒絕	23	1	conj
3090	犧牲	14	1	conj
3091	收錄	4	1	conj
3092	周密	1	1	conj
3093	節省	10	1	conj
3094	沐浴	1	1	conj
3096	狀況	69	1	conj
3097	沉沒	1	1	conj
3100	呼喊	1	1	conj
3102	遲鈍	1	1	conj
3103	映照	2	1	conj
3104	罪惡	2	1	conj
3105	鞭炮	2	1	conj
3107	暢快	3	1	conj
3108	傳染	1	1	conj
3109	性格	13	1	conj
3110	偵測	1	1	conj
3113	評論	15	1	conj
3114	招牌	15	1	conj
3115	審視	3	1	conj
3118	取捨	2	1	conj
3120	郵簡	1	1	conj
3121	恐怖	27	1	conj
3122	龐雜	3	1	conj
3123	傳授	4	1	conj
3125	估量	3	1	conj
3126	手腳	1	1	conj
3128	傳承	8	1	conj
3130	衝撞	1	1	conj
3134	鬆懈	2	1	conj
3139	偵查	4	1	conj
3140	國家	984	1	conj
3141	淪陷	2	3	conj
3142	容許	3	1	conj
3143	背負	3	1	conj
3144	拘泥	1	1	conj
3146	提交	16	1	conj
3147	變幻	3	1	conj
3148	推動	106	1	conj
3150	羅列	1	3	conj
3154	討論	81	1	conj
3156	功能	66	1	conj
3158	塑造	8	1	conj
3159	運行	52	1	conj
3160	縈繞	1	2	conj
3162	連貫	1	2	conj
3164	震盪	5	1	conj
3165	估計	43	1	conj
3168	破爛	1	1	conj
19	囹圄	1	1	els
22	菩薩	2	1	els
33	馬芬	1	1	els
50	東面	1	2	els
54	依稀	1	3	els
60	可口	2	3	els
86	耳際	1	1	els
107	在乎	5	1	els
119	國內	285	1	els
167	天涯	5	2	els
185	水底	1	1	els
215	海隅	1	1	els
238	卷宗	1	2	els
241	值得	54	3	els
242	忽地	1	3	els
255	本領	7	3	els
289	午後	1	1	els
292	樹頭	1	1	els
301	角落	4	3	els
303	風頭	2	2	els
318	彗核	8	1	els
339	其間	7	2	els
420	垂青	1	3	els
445	出自	3	1	els
500	生平	2	3	els
527	卡司	3	1	els
537	多所	3	1	els
571	終而	1	2	els
577	瀝青	2	3	els
614	就往	1	1	els
645	一陣	2	1	els
650	比如	8	1	els
656	何況	14	1	els
697	平白	1	2	els
745	燕尾	1	2	els
772	所幸	4	2	els
806	知府	1	2	els
836	莞爾	1	3	els
857	東端	1	3	els
893	怎麼	70	2	els
917	一起	58	3	els
921	喀擦	1	1	els
987	瞎拼	1	2	els
1012	而立	1	2	els
1041	窮怕	1	2	els
1045	何必	3	1	els
1049	例外	3	2	els
1091	罐身	3	3	els
1139	厘頭	1	3	els
1175	念頭	8	2	els
1216	然後	30	1	els
1266	拳頭	4	3	els
1283	實則	2	3	els
1322	凱旋	1	3	els
1331	水面	2	1	els
1337	何嘗	4	3	els
1480	為時	1	1	els
1501	丫環	1	3	els
1516	再次	35	2	els
1549	室內	10	1	els
1605	豈止	1	2	els
1622	路面	5	2	els
1641	似乎	40	2	els
1651	老是	4	3	els
1667	鄉間	4	2	els
1759	玩意	2	3	els
1825	牆角	1	2	els
1837	海底	3	2	els
1843	場內	1	2	els
1865	年事	1	3	els
1876	老師	112	2	els
1914	戶頭	3	2	els
1967	花朵	2	2	els
1973	貓咪	1	1	els
1974	海外	133	1	els
1986	地步	4	3	els
1988	嘴角	1	2	els
1991	故障	4	2	els
2048	皮夾	1	3	els
2078	相似	9	3	els
2096	此間	70	2	els
2122	樂得	1	3	els
2128	布匹	1	1	els
2145	護照	27	3	els
2146	要不	1	1	els
2154	瞿鑠	1	3	els
2168	事先	12	2	els
2221	足見	1	3	els
2239	老六	3	1	els
2241	一律	11	3	els
2247	予以	21	1	els
2266	澎湃	1	1	els
2300	膀胱	1	3	els
2301	前頭	1	1	els
2321	葫蘆	1	1	els
2330	率先	18	3	els
2433	可憐	4	3	els
2469	可怕	5	3	els
2480	顧問	19	3	els
2513	打聽	4	3	els
2517	悠哉	2	3	els
2529	福佬	2	2	els
2552	圓寂	1	1	els
2582	打緊	1	2	els
2632	如法	1	1	els
2654	於焉	1	1	els
2676	勾當	1	3	els
2737	向前	18	2	els
2749	一下	16	1	els
2801	逕自	2	1	els
2812	徒弟	1	2	els
2821	從小	3	3	els
2845	杯葛	2	1	els
2910	調侃	1	3	els
2940	憧憬	4	1	els
2946	宵夜	2	2	els
2955	位在	3	2	els
2979	籠統	1	1	els
2984	西施	1	1	els
3005	影響	237	3	els
3060	老婆	18	1	els
3068	蒺藜	2	2	els
3078	派對	2	1	els
3098	繼而	2	1	els
3133	蜿蜒	3	1	els
3155	眉頭	3	1	els
1	地價	3	1	n-head
3	假期	6	1	n-head
7	列車	5	1	n-head
9	飛鳥	1	1	n-head
11	失物	1	1	n-head
12	漁港	2	1	n-head
13	法典	10	1	n-head
15	大王	3	1	n-head
18	油品	2	1	n-head
23	鋒面	1	2	n-head
25	金器	2	1	n-head
30	織物	4	1	n-head
31	病害	1	2	n-head
32	山泥	8	1	n-head
36	射程	3	1	n-head
37	血庫	1	1	n-head
38	魚乾	1	1	n-head
41	表妹	1	1	n-head
43	國史	1	1	n-head
46	腎疾	1	1	n-head
47	爛泥	3	1	n-head
48	工齡	2	1	n-head
49	地位	83	2	n-head
51	徒步	4	2	n-head
53	退路	3	1	n-head
55	政策	325	1	n-head
62	文物	47	1	n-head
66	磁帶	2	1	n-head
67	現金	12	2	n-head
68	棺材	4	2	n-head
69	師院	1	2	n-head
72	紋飾	1	1	n-head
76	弊端	3	2	n-head
78	煙草	3	1	n-head
80	小眾	6	1	n-head
82	西隅	1	1	n-head
84	國力	6	1	n-head
90	年貨	3	1	n-head
91	古名	1	1	n-head
93	用油	1	1	n-head
95	生涯	23	3	n-head
96	茶食	1	2	n-head
100	球迷	6	1	n-head
101	日文	5	1	n-head
103	台制	1	1	n-head
106	僑務	4	1	n-head
108	滷水	1	1	n-head
109	使節	6	2	n-head
111	菠菜	2	1	n-head
114	霸氣	1	1	n-head
116	外牆	3	1	n-head
118	暑假	4	1	n-head
122	僱主	14	1	n-head
124	踏板	1	1	n-head
129	恨事	2	1	n-head
130	職責	5	2	n-head
131	古劇	1	1	n-head
133	鐵條	1	1	n-head
134	賀辭	1	1	n-head
137	寶石	3	1	n-head
139	漢文	1	1	n-head
140	真跡	1	1	n-head
141	佳節	4	1	n-head
144	餅鋪	1	1	n-head
146	區旗	5	1	n-head
148	前茅	1	2	n-head
149	礦井	1	2	n-head
154	路標	1	1	n-head
157	強片	1	1	n-head
162	軍令	3	1	n-head
166	副總	5	1	n-head
168	體委	2	2	n-head
169	龍蝦	1	1	n-head
170	國企	4	1	n-head
172	戰略	113	1	n-head
173	陶胚	1	1	n-head
175	園丁	1	2	n-head
180	海鞘	1	2	n-head
181	特展	14	1	n-head
183	四周	7	3	n-head
184	大洲	10	2	n-head
187	荒野	3	2	n-head
188	台人	1	1	n-head
190	苧麻	2	1	n-head
193	牧師	1	1	n-head
197	大法	1	1	n-head
199	體壇	5	1	n-head
200	國中	27	3	n-head
201	女排	2	1	n-head
204	收益	18	1	n-head
205	國一	1	3	n-head
212	密笈	1	1	n-head
213	跳板	3	1	n-head
217	官職	1	2	n-head
218	大氣	6	1	n-head
219	豪雨	2	1	n-head
220	極力	8	1	n-head
222	貨輪	1	1	n-head
223	道統	2	2	n-head
226	高地	1	1	n-head
228	體型	3	1	n-head
230	滄海	1	2	n-head
239	殿檻	2	1	n-head
245	役期	1	1	n-head
246	颶風	1	1	n-head
247	尾款	1	1	n-head
251	異己	2	2	n-head
252	病原	1	1	n-head
254	廁紙	2	1	n-head
259	香精	2	1	n-head
270	民心	13	1	n-head
273	密碼	1	1	n-head
274	蜂籠	1	1	n-head
275	南帖	1	2	n-head
278	殘渣	2	1	n-head
279	高商	1	1	n-head
280	片廠	2	1	n-head
281	論文	9	1	n-head
282	北方	23	2	n-head
285	鮭魚	1	1	n-head
288	男排	1	1	n-head
291	大業	8	1	n-head
293	寵物	1	1	n-head
295	課業	1	1	n-head
297	客籍	2	1	n-head
299	信條	1	1	n-head
300	功率	1	2	n-head
302	茶鄉	3	1	n-head
304	玉雕	2	1	n-head
305	友人	4	2	n-head
306	煤礦	2	1	n-head
307	墓穴	3	1	n-head
308	戰火	6	1	n-head
310	常識	1	1	n-head
315	火雞	1	1	n-head
316	院線	3	2	n-head
317	萬物	3	1	n-head
323	傢俱	10	2	n-head
330	沉井	4	1	n-head
332	體協	1	2	n-head
334	視覺	5	1	n-head
335	優點	4	1	n-head
337	半島	18	1	n-head
341	溪水	1	1	n-head
345	強權	6	1	n-head
349	後患	1	1	n-head
351	會館	3	1	n-head
352	牛奶	3	1	n-head
354	奇招	2	1	n-head
358	半山	1	1	n-head
359	慰藉	1	2	n-head
362	論戰	4	1	n-head
363	鍵盤	1	1	n-head
367	鮪類	1	1	n-head
371	熱浪	1	1	n-head
375	館藏	3	2	n-head
378	難民	17	1	n-head
380	病人	10	1	n-head
381	民宅	6	1	n-head
382	訓示	1	1	n-head
383	酷吏	1	1	n-head
384	西諺	1	1	n-head
385	瓷杯	1	1	n-head
386	直覺	2	2	n-head
389	抽屜	1	2	n-head
390	方志	4	2	n-head
392	迷航	1	1	n-head
394	內閣	11	1	n-head
397	誤會	3	1	n-head
399	把戲	1	2	n-head
405	書風	7	2	n-head
406	元首	18	3	n-head
407	滿心	1	2	n-head
411	學系	2	1	n-head
412	壕溝	1	1	n-head
414	奇情	1	1	n-head
415	機車	4	1	n-head
416	胡瓜	1	1	n-head
417	政海	1	1	n-head
418	外景	1	1	n-head
423	光頭	1	1	n-head
424	曲風	3	1	n-head
426	異地	5	1	n-head
428	啟示	5	2	n-head
429	木釘	1	1	n-head
432	副理	1	1	n-head
433	廠牌	2	2	n-head
434	女婿	1	1	n-head
435	殊榮	5	1	n-head
437	海路	2	1	n-head
439	專機	1	1	n-head
442	絲繩	1	2	n-head
443	原件	1	1	n-head
446	餘蔭	1	1	n-head
451	總數	24	1	n-head
452	潛力	28	1	n-head
453	居所	3	1	n-head
455	旅客	16	1	n-head
458	食譜	2	1	n-head
460	高中	29	1	n-head
461	後山	1	1	n-head
464	朝野	31	3	n-head
467	天才	5	1	n-head
469	短桿	1	1	n-head
474	伏筆	1	3	n-head
478	漆屏	1	3	n-head
481	引橋	1	2	n-head
483	石材	2	2	n-head
486	差距	26	1	n-head
487	扁柏	12	1	n-head
488	個展	2	2	n-head
489	碑名	1	2	n-head
497	坐骨	1	1	n-head
503	強敵	1	1	n-head
505	教材	15	1	n-head
507	區塊	2	1	n-head
508	天意	1	2	n-head
513	股票	48	1	n-head
514	文憑	4	2	n-head
516	襯衫	4	1	n-head
518	力氣	2	2	n-head
521	桿數	3	1	n-head
524	樂隊	1	1	n-head
526	母廠	1	1	n-head
529	證人	3	1	n-head
531	散文	3	1	n-head
532	棲地	1	1	n-head
538	枷累	1	1	n-head
539	掩體	3	1	n-head
540	燃料	12	1	n-head
541	冬衣	1	1	n-head
546	歡歌	1	1	n-head
548	日商	3	1	n-head
549	下風	1	1	n-head
550	巨資	4	1	n-head
553	群雄	2	1	n-head
561	職系	1	1	n-head
562	邊檢	1	1	n-head
565	六輕	11	2	n-head
566	短文	2	1	n-head
568	印傭	1	1	n-head
569	風車	7	1	n-head
570	戲服	1	1	n-head
572	訓犬	1	1	n-head
575	布袋	4	1	n-head
578	公車	1	1	n-head
579	勁敵	3	2	n-head
583	貨船	1	1	n-head
585	大廠	3	1	n-head
586	上面	11	1	n-head
588	大廈	23	1	n-head
589	誠意	6	1	n-head
593	大度	1	1	n-head
597	後場	1	1	n-head
600	鋒芒	1	1	n-head
601	港片	6	1	n-head
603	大師	19	2	n-head
612	黨證	1	2	n-head
616	肝癌	2	1	n-head
621	敬意	3	1	n-head
624	通病	1	1	n-head
625	人聲	5	1	n-head
626	動感	1	1	n-head
629	經理	26	2	n-head
630	肝病	3	1	n-head
632	畫像	4	2	n-head
634	論壇	14	1	n-head
639	墨水	2	1	n-head
642	海蜇	1	1	n-head
647	連理	2	2	n-head
648	同體	1	1	n-head
649	微利	1	1	n-head
651	人群	6	1	n-head
655	外幣	6	1	n-head
657	童星	1	1	n-head
659	對手	33	1	n-head
664	中道	1	1	n-head
665	大將	1	1	n-head
671	男單	6	1	n-head
672	配件	6	1	n-head
674	烤箱	1	1	n-head
679	村落	5	2	n-head
680	用地	5	1	n-head
681	大字	1	1	n-head
682	喬木	2	1	n-head
683	文官	2	1	n-head
684	缺點	5	1	n-head
685	紅茶	1	1	n-head
687	勞工	27	1	n-head
688	重點	200	1	n-head
692	住民	2	1	n-head
695	劇校	1	1	n-head
698	電工	4	1	n-head
699	公訴	1	1	n-head
700	善款	1	1	n-head
703	實效	1	2	n-head
704	縣志	1	1	n-head
705	演劇	1	1	n-head
710	巨蛋	1	1	n-head
711	海葵	1	1	n-head
713	客流	1	1	n-head
717	地雷	5	1	n-head
721	敏感	10	1	n-head
724	大姓	1	1	n-head
728	日人	2	1	n-head
730	省籍	9	1	n-head
744	胎氣	1	1	n-head
747	導彈	37	1	n-head
748	民代	5	1	n-head
749	山區	13	2	n-head
750	複賽	5	1	n-head
751	副業	1	1	n-head
754	午休	1	1	n-head
755	詳情	4	1	n-head
758	後勁	6	1	n-head
760	大壩	8	1	n-head
761	用品	17	1	n-head
763	東線	1	3	n-head
769	聯盟	61	2	n-head
778	小幅	2	2	n-head
779	鏢客	1	1	n-head
782	階梯	2	2	n-head
784	軍餉	2	1	n-head
787	內衣	5	1	n-head
788	詩意	3	1	n-head
789	鼓聲	1	1	n-head
790	要素	3	1	n-head
792	珠算	1	1	n-head
793	小工	1	1	n-head
795	標語	2	1	n-head
796	福證	3	2	n-head
799	大城	2	1	n-head
812	絕症	1	1	n-head
813	逃犯	1	1	n-head
816	空港	3	1	n-head
817	客機	4	1	n-head
818	國風	1	1	n-head
819	量體	3	1	n-head
820	艷陽	6	1	n-head
821	佤族	1	2	n-head
822	親眼	4	1	n-head
824	族人	4	2	n-head
825	槓鈴	1	1	n-head
826	影后	2	1	n-head
827	弓形	1	1	n-head
830	綠水	2	1	n-head
833	一邊	8	2	n-head
834	機能	3	2	n-head
840	倉儲	14	2	n-head
841	夢土	1	1	n-head
848	小將	9	1	n-head
849	字牌	1	1	n-head
851	紙箱	4	1	n-head
855	豬肉	3	2	n-head
861	落差	3	2	n-head
868	歲幣	3	2	n-head
873	隱憂	4	2	n-head
874	織品	1	2	n-head
878	外地	8	1	n-head
879	家族	35	3	n-head
880	後代	8	2	n-head
883	比分	2	3	n-head
886	一身	5	3	n-head
890	家數	3	3	n-head
892	司長	26	1	n-head
894	罰金	1	2	n-head
895	男人	47	1	n-head
902	戰局	2	3	n-head
903	蕨類	1	2	n-head
905	一路	14	2	n-head
907	火苗	1	2	n-head
908	關稅	14	2	n-head
909	珍禽	2	1	n-head
916	毅力	1	3	n-head
918	走廊	7	1	n-head
920	力度	51	2	n-head
922	廠房	17	2	n-head
924	悲觀	3	2	n-head
925	贈款	2	1	n-head
927	座椅	1	1	n-head
929	林班	1	3	n-head
933	高點	1	2	n-head
934	烽火	4	1	n-head
937	美資	5	2	n-head
938	喜感	1	1	n-head
941	鄉人	2	2	n-head
944	合金	3	1	n-head
946	淺海	1	1	n-head
947	音頻	1	1	n-head
948	遺志	1	1	n-head
953	現狀	11	1	n-head
956	單幫	1	1	n-head
963	狂風	1	1	n-head
964	乾糧	1	1	n-head
966	寮屋	1	2	n-head
968	縣城	1	2	n-head
972	髮髻	2	1	n-head
974	堅甲	1	1	n-head
976	柳杉	2	1	n-head
979	飯碗	1	1	n-head
983	中藥	5	1	n-head
984	浴簾	1	1	n-head
988	大典	6	1	n-head
995	刑法	2	1	n-head
1002	金鑒	1	3	n-head
1003	泥質	1	1	n-head
1004	正宗	1	2	n-head
1005	全能	2	2	n-head
1006	外務	1	1	n-head
1008	電台	29	2	n-head
1011	藍衫	2	1	n-head
1013	古鎮	1	1	n-head
1014	力學	1	1	n-head
1015	命脈	8	2	n-head
1016	廣度	4	1	n-head
1017	文傳	2	2	n-head
1018	善意	10	1	n-head
1020	調人	4	2	n-head
1026	廁所	1	2	n-head
1027	險峰	1	1	n-head
1028	重鎮	10	1	n-head
1029	特點	23	1	n-head
1032	公署	14	2	n-head
1034	主艙	1	1	n-head
1036	呼聲	5	1	n-head
1037	總分	1	1	n-head
1039	騷亂	1	2	n-head
1048	天份	1	3	n-head
1051	前排	1	1	n-head
1053	電剪	1	1	n-head
1054	聖火	1	1	n-head
1055	車道	1	1	n-head
1057	貨物	55	2	n-head
1061	死因	3	1	n-head
1065	小品	4	1	n-head
1066	條例	76	2	n-head
1068	故國	1	1	n-head
1069	外傷	1	1	n-head
1071	外債	16	1	n-head
1073	外傭	1	1	n-head
1074	序曲	1	2	n-head
1076	床板	1	1	n-head
1080	寶地	3	1	n-head
1082	銅管	1	1	n-head
1084	數值	2	2	n-head
1089	職權	12	1	n-head
1090	富家	2	2	n-head
1092	增幅	26	2	n-head
1097	亮片	1	1	n-head
1098	蘭科	1	1	n-head
1099	典範	10	2	n-head
1100	末端	1	2	n-head
1102	速效	1	1	n-head
1103	公約	15	1	n-head
1107	僑辦	3	2	n-head
1109	監獄	14	3	n-head
1112	外企	11	1	n-head
1113	教務	1	1	n-head
1116	密宗	9	1	n-head
1120	科研	45	2	n-head
1123	刑案	2	1	n-head
1131	名詞	5	2	n-head
1133	近海	5	2	n-head
1134	作家	35	2	n-head
1140	名言	2	1	n-head
1144	綠意	2	2	n-head
1145	家屬	11	2	n-head
1149	儀表	1	2	n-head
1154	地表	1	1	n-head
1155	定律	1	1	n-head
1156	專制	1	2	n-head
1157	年期	1	2	n-head
1160	專利	29	1	n-head
1161	國賊	2	1	n-head
1164	巨石	1	1	n-head
1165	預賽	9	1	n-head
1166	歌壇	3	1	n-head
1168	貨源	6	2	n-head
1169	輪胎	3	3	n-head
1176	分校	1	1	n-head
1177	訪客	3	1	n-head
1179	詩句	3	2	n-head
1180	味精	1	2	n-head
1185	光纖	26	1	n-head
1190	友邦	10	2	n-head
1191	閏秒	7	1	n-head
1193	猛藥	3	1	n-head
1194	罪行	8	1	n-head
1196	果樹	3	1	n-head
1199	政協	15	2	n-head
1201	著作	13	2	n-head
1202	河谷	3	1	n-head
1203	睡意	1	1	n-head
1205	品牌	27	1	n-head
1206	商戰	1	1	n-head
1207	白米	1	1	n-head
1208	建商	1	1	n-head
1210	擔心	38	3	n-head
1213	歌團	1	1	n-head
1215	水體	1	1	n-head
1218	字數	1	1	n-head
1219	春陽	1	1	n-head
1223	進度	20	1	n-head
1226	遊客	32	1	n-head
1227	劣勢	1	1	n-head
1230	週年	51	1	n-head
1231	高鐵	24	2	n-head
1234	史記	3	2	n-head
1241	城牆	1	1	n-head
1243	精礦	1	2	n-head
1248	預言	7	1	n-head
1249	武力	20	1	n-head
1251	走卒	1	1	n-head
1252	名號	3	2	n-head
1254	分支	9	3	n-head
1255	定局	1	2	n-head
1256	鋼材	9	3	n-head
1257	提綱	2	1	n-head
1261	財氣	3	3	n-head
1265	磁鐵	1	2	n-head
1269	宮女	2	3	n-head
1270	稅法	1	1	n-head
1275	雜事	1	1	n-head
1276	低壓	1	2	n-head
1278	羚羊	5	3	n-head
1285	混戰	1	1	n-head
1288	壯丁	1	1	n-head
1289	口試	2	1	n-head
1290	公益	3	2	n-head
1292	貝殼	1	3	n-head
1299	學弟	1	3	n-head
1300	席次	2	1	n-head
1306	松樹	1	3	n-head
1309	變貌	1	1	n-head
1311	組曲	6	1	n-head
1312	平房	2	1	n-head
1314	家園	12	3	n-head
1315	故人	1	1	n-head
1316	簡訊	10	1	n-head
1318	通廊	1	1	n-head
1321	成分	10	3	n-head
1323	慘案	3	1	n-head
1325	幽情	1	1	n-head
1328	看板	5	2	n-head
1329	幻想	1	2	n-head
1330	豎琴	1	1	n-head
1334	質感	4	3	n-head
1335	思路	8	2	n-head
1342	評價	33	2	n-head
1343	餐桌	2	1	n-head
1345	宦場	1	3	n-head
1348	下線	1	1	n-head
1349	貨梯	1	1	n-head
1350	上線	2	1	n-head
1351	先祖	1	2	n-head
1352	園藝	1	2	n-head
1356	終日	3	1	n-head
1357	花絮	2	3	n-head
1362	蛇年	1	1	n-head
1368	銅片	1	2	n-head
1369	光碟	13	2	n-head
1371	地膜	1	2	n-head
1372	廠區	5	1	n-head
1374	油藏	2	2	n-head
1375	本營	1	1	n-head
1378	初年	1	1	n-head
1380	銀牌	14	1	n-head
1386	指針	1	2	n-head
1387	海港	7	1	n-head
1388	明鏡	3	1	n-head
1402	華商	2	1	n-head
1405	學家	1	1	n-head
1408	謎題	1	1	n-head
1409	上篇	1	1	n-head
1411	成份	5	3	n-head
1412	頭腦	6	2	n-head
1415	南面	2	1	n-head
1416	統帥	1	1	n-head
1418	心防	2	2	n-head
1422	民風	3	1	n-head
1424	球手	1	2	n-head
1425	攤位	5	2	n-head
1426	仁政	2	1	n-head
1427	米粉	34	3	n-head
1429	上等	1	2	n-head
1439	香味	1	1	n-head
1442	人數	54	3	n-head
1443	農村	95	1	n-head
1444	家務	2	1	n-head
1447	黑牢	2	1	n-head
1452	海水	10	1	n-head
1454	見方	1	2	n-head
1455	分廠	2	2	n-head
1457	真情	1	1	n-head
1458	濾網	1	3	n-head
1459	副刊	1	2	n-head
1464	歌伎	1	2	n-head
1465	擘圖	1	2	n-head
1466	陣地	6	2	n-head
1468	獎盃	6	1	n-head
1470	陽台	2	2	n-head
1479	佛像	1	3	n-head
1483	安土	1	1	n-head
1484	丞相	2	3	n-head
1486	男體	1	1	n-head
1487	光環	11	2	n-head
1494	旋風	8	3	n-head
1498	訂單	15	2	n-head
1500	近憂	1	2	n-head
1504	百物	1	1	n-head
1507	工法	1	2	n-head
1518	抗體	1	1	n-head
1521	菲傭	2	1	n-head
1523	布條	2	1	n-head
1524	台胞	13	1	n-head
1527	黑潮	1	2	n-head
1528	人手	2	2	n-head
1536	商圈	2	1	n-head
1537	陽光	9	3	n-head
1539	大麻	1	2	n-head
1544	大麥	1	1	n-head
1548	想法	19	3	n-head
1551	現年	4	1	n-head
1552	港劇	1	1	n-head
1553	列女	1	1	n-head
1557	處方	1	3	n-head
1559	鈔票	5	2	n-head
1565	家事	4	1	n-head
1566	幻境	1	1	n-head
1570	美眉	1	2	n-head
1571	院區	2	2	n-head
1574	農技	1	2	n-head
1581	色系	1	1	n-head
1582	獎牌	1	1	n-head
1583	華人	76	1	n-head
1587	地租	1	1	n-head
1592	首位	1	2	n-head
1597	梭魚	1	2	n-head
1600	商品	150	2	n-head
1602	兵權	1	1	n-head
1606	工業	357	2	n-head
1607	閒步	2	3	n-head
1610	布料	1	3	n-head
1612	定值	1	1	n-head
1613	新鞋	1	1	n-head
1614	毛額	1	2	n-head
1620	市政	3	2	n-head
1624	客人	18	3	n-head
1625	重罪	1	1	n-head
1626	公款	1	1	n-head
1628	一生	10	2	n-head
1633	燒鹼	2	3	n-head
1636	論集	1	2	n-head
1638	酒趣	1	3	n-head
1639	習氣	1	3	n-head
1646	白派	4	3	n-head
1647	主流	28	2	n-head
1650	木桿	3	2	n-head
1653	南軍	1	1	n-head
1654	黨校	5	2	n-head
1655	垂涎	1	2	n-head
1656	冷感	1	2	n-head
1659	生靈	2	2	n-head
1660	前人	3	1	n-head
1664	高薪	4	1	n-head
1665	援款	1	1	n-head
1668	女郎	2	2	n-head
1670	仙女	3	2	n-head
1672	中游	3	1	n-head
1676	猛男	2	1	n-head
1681	末期	7	3	n-head
1683	盛情	1	1	n-head
1684	考據	3	3	n-head
1685	仕女	4	2	n-head
1687	木材	7	2	n-head
1692	板岩	2	1	n-head
1697	哲學	14	2	n-head
1700	工日	1	2	n-head
1703	球場	21	1	n-head
1706	宋人	3	1	n-head
1709	利兵	1	2	n-head
1715	貴婦	1	1	n-head
1717	彩陶	1	1	n-head
1720	保額	1	2	n-head
1722	樟樹	1	1	n-head
1726	課題	18	3	n-head
1727	阻力	1	1	n-head
1728	槌球	1	1	n-head
1731	鼻孔	1	1	n-head
1732	球團	1	3	n-head
1733	荒山	1	1	n-head
1742	法界	1	2	n-head
1744	愛情	12	2	n-head
1746	果園	1	1	n-head
1747	防務	5	3	n-head
1751	地理	20	3	n-head
1760	股份	29	2	n-head
1761	鴕鳥	3	2	n-head
1762	白楊	1	2	n-head
1766	汽缸	1	2	n-head
1769	高興	29	2	n-head
1770	學人	3	2	n-head
1771	因素	61	2	n-head
1775	大陸	338	1	n-head
1776	慘境	1	1	n-head
1778	文集	1	2	n-head
1781	長條	1	1	n-head
1782	農學	1	2	n-head
1783	頑石	1	2	n-head
1784	二弟	2	1	n-head
1787	長桿	1	1	n-head
1790	西學	1	1	n-head
1793	聽力	7	1	n-head
1794	白條	1	1	n-head
1795	各界	24	2	n-head
1798	大關	3	1	n-head
1799	真品	2	1	n-head
1804	試點	43	2	n-head
1805	局長	33	2	n-head
1807	別人	45	2	n-head
1808	語音	5	2	n-head
1810	農婦	1	1	n-head
1811	流星	1	1	n-head
1814	民調	10	2	n-head
1815	盲女	1	1	n-head
1818	罪狀	1	2	n-head
1819	罪犯	1	2	n-head
1820	賣價	1	2	n-head
1821	僑眷	1	2	n-head
1824	機廠	9	2	n-head
1826	漁輪	1	3	n-head
1828	高考	2	2	n-head
1829	燈飾	1	1	n-head
1832	籃球	4	2	n-head
1842	快艇	1	1	n-head
1844	鹽湖	2	1	n-head
1846	長日	1	1	n-head
1848	捶球	2	2	n-head
1852	茶室	1	2	n-head
1853	卡號	1	1	n-head
1854	舊習	1	1	n-head
1855	年份	15	2	n-head
1856	主旨	1	1	n-head
1857	梅雨	1	1	n-head
1859	總長	4	3	n-head
1860	療法	22	1	n-head
1861	肉丸	1	3	n-head
1862	慶典	12	1	n-head
1863	食客	1	1	n-head
1867	神氣	1	3	n-head
1868	中期	25	2	n-head
1873	批量	3	2	n-head
1874	洋樓	1	1	n-head
1881	林務	1	1	n-head
1884	聾人	2	1	n-head
1886	穀倉	1	1	n-head
1888	主播	20	1	n-head
1890	職位	13	2	n-head
1891	盛夏	2	1	n-head
1892	工廠	47	1	n-head
1893	英才	2	1	n-head
1898	草坪	2	3	n-head
1899	石雕	2	1	n-head
1907	匪諜	5	2	n-head
1916	跑道	9	1	n-head
1918	末年	4	1	n-head
1921	原籍	1	1	n-head
1928	大選	25	2	n-head
1930	盟國	1	1	n-head
1931	大道	2	1	n-head
1936	專電	1	1	n-head
1938	紡品	1	1	n-head
1939	巨岩	1	1	n-head
1940	水腦	1	1	n-head
1942	實體	3	2	n-head
1945	樹幹	1	1	n-head
1949	表皮	1	1	n-head
1950	本島	4	1	n-head
1952	內心	14	1	n-head
1953	熟食	1	1	n-head
1960	仙人	1	1	n-head
1962	碳素	1	2	n-head
1963	名流	1	2	n-head
1964	地毯	1	1	n-head
1966	試題	1	1	n-head
1968	荒原	1	1	n-head
1969	百態	1	1	n-head
1972	地殼	1	3	n-head
1976	專長	3	2	n-head
1977	酵素	2	2	n-head
1982	用詞	1	2	n-head
1987	主意	2	3	n-head
1995	兇手	3	2	n-head
1997	罰款	10	2	n-head
2002	內幕	4	1	n-head
2003	草叢	1	1	n-head
2004	手銬	1	1	n-head
2005	巫婆	2	1	n-head
2006	精度	2	2	n-head
2008	苦心	3	1	n-head
2010	神木	6	1	n-head
2014	要務	1	1	n-head
2016	王室	1	1	n-head
2018	京劇	3	1	n-head
2021	海域	14	1	n-head
2025	牛耳	1	1	n-head
2027	生詞	1	1	n-head
2029	機型	4	1	n-head
2030	炮台	1	1	n-head
2031	影評	4	1	n-head
2033	上方	3	1	n-head
2034	地標	10	1	n-head
2037	榮況	1	1	n-head
2039	盟友	1	1	n-head
2040	軟殺	2	1	n-head
2041	新衣	2	1	n-head
2042	大賽	15	1	n-head
2043	美景	3	1	n-head
2047	壁飾	1	1	n-head
2050	天象	1	1	n-head
2052	常例	1	1	n-head
2053	酒罈	1	1	n-head
2055	磁磚	1	1	n-head
2057	來電	1	1	n-head
2061	單項	5	1	n-head
2063	雨量	2	1	n-head
2067	乖孫	1	1	n-head
2069	公害	1	1	n-head
2072	筆記	1	2	n-head
2073	鎮長	4	1	n-head
2077	療效	6	1	n-head
2079	水系	1	1	n-head
2084	邊防	4	1	n-head
2088	私塾	1	1	n-head
2089	西側	4	1	n-head
2091	油污	12	1	n-head
2092	內存	2	1	n-head
2094	雪道	3	1	n-head
2102	門將	1	1	n-head
2103	面膜	1	1	n-head
2104	殿試	1	1	n-head
2105	正門	2	1	n-head
2108	外資	402	1	n-head
2109	電路	11	1	n-head
2110	戶量	1	1	n-head
2113	美援	2	1	n-head
2114	頭條	2	1	n-head
2115	核霸	6	1	n-head
2118	甄試	3	2	n-head
2121	中年	75	1	n-head
2123	紅利	1	1	n-head
2125	同根	1	1	n-head
2130	蜜餞	1	2	n-head
2131	默契	5	1	n-head
2134	本土	33	1	n-head
2135	印章	5	3	n-head
2136	河段	1	1	n-head
2139	電費	3	1	n-head
2140	農事	1	1	n-head
2141	百家	2	1	n-head
2148	樓層	3	1	n-head
2149	惡女	1	1	n-head
2153	銅器	5	1	n-head
2155	宿願	1	1	n-head
2160	書展	12	1	n-head
2162	骨科	1	1	n-head
2164	山色	1	1	n-head
2165	閃失	1	3	n-head
2170	警犬	17	1	n-head
2174	火圈	1	1	n-head
2180	蒜蓉	1	2	n-head
2182	推手	3	1	n-head
2184	景氣	33	3	n-head
2187	兵器	3	1	n-head
2191	外觀	6	1	n-head
2192	坡度	1	1	n-head
2193	演習	9	3	n-head
2194	內城	2	1	n-head
2197	鑽石	2	2	n-head
2198	犛牛	6	2	n-head
2200	卵石	1	1	n-head
2202	機具	1	1	n-head
2203	思潮	9	1	n-head
2206	布偶	2	1	n-head
2207	藥專	1	1	n-head
2208	流域	51	1	n-head
2210	群巒	1	1	n-head
2213	力量	73	1	n-head
2214	榮景	7	1	n-head
2215	身段	3	1	n-head
2216	小販	3	1	n-head
2227	外行	2	1	n-head
2232	禮單	1	1	n-head
2234	油杉	2	1	n-head
2238	老兵	1	1	n-head
2240	步道	1	1	n-head
2243	主塔	1	1	n-head
2248	上帝	1	1	n-head
2249	首頁	1	1	n-head
2250	良方	2	1	n-head
2254	片種	1	1	n-head
2255	樹叢	1	1	n-head
2256	新聞	294	1	n-head
2259	會址	1	1	n-head
2262	家門	1	1	n-head
2263	導論	1	1	n-head
2268	鬚根	1	1	n-head
2270	印痕	1	1	n-head
2273	美帝	1	1	n-head
2274	核酸	2	2	n-head
2276	母艦	1	1	n-head
2278	河景	1	1	n-head
2280	額度	1	1	n-head
2286	一己	1	2	n-head
2287	史料	7	1	n-head
2289	專論	1	1	n-head
2292	高潮	4	1	n-head
2295	明珠	1	1	n-head
2297	心目	5	2	n-head
2298	內向	2	3	n-head
2302	王冠	2	1	n-head
2307	寶貝	2	2	n-head
2308	老伴	2	1	n-head
2309	短視	2	1	n-head
2310	左側	1	1	n-head
2311	風勢	1	1	n-head
2312	灣區	1	1	n-head
2314	上將	3	1	n-head
2316	來路	1	2	n-head
2317	入口	3	1	n-head
2320	樂壇	8	1	n-head
2323	樣品	4	1	n-head
2325	正路	1	1	n-head
2328	陰霾	2	1	n-head
2329	壯觀	1	2	n-head
2334	賣點	5	1	n-head
2335	天色	2	1	n-head
2338	美專	1	2	n-head
2340	地形	6	1	n-head
2342	屋脊	1	1	n-head
2349	巨人	3	1	n-head
2350	大致	5	2	n-head
2351	頁數	1	1	n-head
2353	北線	1	1	n-head
2355	引言	1	1	n-head
2357	血液	12	1	n-head
2358	坡壁	1	1	n-head
2362	右拳	1	1	n-head
2365	容量	20	1	n-head
2367	大腦	1	1	n-head
2373	伙食	1	1	n-head
2375	魅影	1	1	n-head
2379	活力	33	1	n-head
2380	遺跡	7	1	n-head
2381	熱血	1	1	n-head
2385	樂器	12	1	n-head
2386	污泥	2	1	n-head
2394	苦功	1	1	n-head
2395	原汁	1	1	n-head
2397	精光	1	2	n-head
2400	獨力	3	1	n-head
2401	政見	11	2	n-head
2402	政要	4	1	n-head
2403	心率	1	1	n-head
2408	晚期	2	1	n-head
2409	攤販	2	1	n-head
2411	援兵	1	1	n-head
2412	皇冠	1	1	n-head
2413	步調	8	1	n-head
2415	功課	10	3	n-head
2417	坡地	3	1	n-head
2419	音效	2	1	n-head
2420	土建	1	1	n-head
2422	空難	3	1	n-head
2423	美女	1	1	n-head
2424	店面	5	1	n-head
2427	漫畫	2	1	n-head
2429	別館	1	1	n-head
2434	宅院	1	2	n-head
2435	線路	11	1	n-head
2438	花城	1	1	n-head
2441	變數	13	1	n-head
2443	民生	22	2	n-head
2444	麵包	5	1	n-head
2447	議案	9	1	n-head
2448	單調	2	1	n-head
2449	水災	9	1	n-head
2452	環襯	1	1	n-head
2455	行業	85	2	n-head
2456	回族	2	1	n-head
2462	書券	1	2	n-head
2464	武裝	36	1	n-head
2465	四方	4	1	n-head
2467	新秀	3	1	n-head
2473	內亂	2	1	n-head
2474	學院	46	1	n-head
2481	明渠	1	1	n-head
2482	天線	3	1	n-head
2485	店長	2	1	n-head
2487	肉餅	1	1	n-head
2488	法官	24	1	n-head
2492	樓價	1	1	n-head
2493	頭家	1	1	n-head
2497	先兆	1	1	n-head
2498	後盾	4	1	n-head
2501	客運	8	1	n-head
2504	藏品	1	1	n-head
2505	棘皮	1	1	n-head
2508	台座	1	1	n-head
2510	舞會	9	1	n-head
2511	歌詞	5	1	n-head
2515	渾身	2	1	n-head
2518	韓文	1	1	n-head
2520	口徑	5	1	n-head
2521	天篷	1	2	n-head
2525	鐵畫	1	1	n-head
2527	沿岸	15	1	n-head
2533	落葉	1	1	n-head
2538	陸軍	2	1	n-head
2540	菜農	5	1	n-head
2541	行星	9	1	n-head
2542	濃度	1	1	n-head
2543	時效	1	2	n-head
2554	仔魚	1	1	n-head
2556	分項	1	1	n-head
2557	警政	1	1	n-head
2558	網路	116	1	n-head
2562	水氣	2	1	n-head
2563	河岸	2	1	n-head
2568	渠道	23	1	n-head
2569	盲點	2	1	n-head
2570	史實	5	1	n-head
2571	語系	2	1	n-head
2573	迷霧	1	1	n-head
2574	水母	2	1	n-head
2575	地址	7	1	n-head
2577	音律	1	1	n-head
2580	亮點	1	1	n-head
2581	票券	7	1	n-head
2583	原料	33	1	n-head
2584	結餘	1	1	n-head
2586	僑屬	1	1	n-head
2587	祭典	6	1	n-head
2588	手續	19	2	n-head
2592	新生	7	1	n-head
2596	北疆	1	1	n-head
2598	渡輪	3	1	n-head
2600	針孔	1	1	n-head
2608	多空	1	2	n-head
2609	票價	3	1	n-head
2610	漁獲	4	1	n-head
2614	勝算	1	1	n-head
2618	眼鏡	7	1	n-head
2625	範本	6	1	n-head
2626	宮觀	1	2	n-head
2629	燈籠	3	1	n-head
2630	空軍	14	1	n-head
2637	人體	6	1	n-head
2638	電站	5	1	n-head
2643	遊記	1	1	n-head
2644	洋人	3	1	n-head
2645	柔道	2	1	n-head
2648	漸次	2	3	n-head
2649	民法	3	1	n-head
2652	地名	3	1	n-head
2653	領域	167	2	n-head
2656	圍堰	2	2	n-head
2657	證據	8	2	n-head
2658	異樣	1	1	n-head
2660	大盤	1	1	n-head
2663	決心	28	1	n-head
2665	單色	1	1	n-head
2666	天皇	1	1	n-head
2667	茶點	1	1	n-head
2671	萬能	1	1	n-head
2673	餘額	32	1	n-head
2674	齊頭	1	1	n-head
2679	餐館	5	1	n-head
2682	戰績	4	1	n-head
2684	軍團	1	1	n-head
2689	社區	57	2	n-head
2691	地勢	1	2	n-head
2694	何處	2	2	n-head
2695	小篆	1	2	n-head
2698	視頻	2	1	n-head
2704	原意	1	1	n-head
2705	晴天	2	1	n-head
2706	孫輩	1	1	n-head
2708	婦人	3	1	n-head
2709	美人	3	1	n-head
2712	行徑	4	2	n-head
2713	總督	3	1	n-head
2715	水晶	18	1	n-head
2717	羌人	1	1	n-head
2719	波光	1	1	n-head
2721	舞廳	1	1	n-head
2722	赤腳	2	1	n-head
2723	晚宴	3	1	n-head
2725	德業	1	1	n-head
2726	孝道	1	1	n-head
2731	數目	8	2	n-head
2734	僑團	2	1	n-head
2738	政綱	1	1	n-head
2739	綽號	2	1	n-head
2742	傳媒	13	1	n-head
2747	印文	1	1	n-head
2748	魅力	20	1	n-head
2752	漏洞	6	1	n-head
2753	時差	4	1	n-head
2754	行庫	1	1	n-head
2763	老鷹	1	1	n-head
2810	水墨	2	3	n-head
2834	化工	63	1	n-head
2873	故意	5	3	n-head
2959	心願	5	1	n-head
3011	糖果	4	1	n-head
3034	海峽	42	1	n-head
3043	樂曲	5	1	n-head
3073	母親	31	1	n-head
3080	價格	82	1	n-head
3163	人類	93	1	n-head
45	耳順	2	1	nsubj
58	自承	1	1	nsubj
161	眼見	2	1	nsubj
294	聖誕	5	1	nsubj
298	自如	2	3	nsubj
314	心存	1	1	nsubj
421	年老	2	1	nsubj
477	手書	1	2	nsubj
559	心動	4	1	nsubj
582	經痛	1	1	nsubj
644	柴燒	1	1	nsubj
718	冬至	2	2	nsubj
866	天問	1	2	nsubj
876	形同	2	3	nsubj
955	音響	6	3	nsubj
1138	肩挑	1	1	nsubj
1181	位居	11	3	nsubj
1273	身負	1	1	nsubj
1287	心驚	1	1	nsubj
1503	期滿	2	1	nsubj
1535	酒醉	1	2	nsubj
1556	心酸	1	2	nsubj
1576	自足	1	3	nsubj
1662	自認	5	2	nsubj
1674	自許	2	1	nsubj
1677	口紅	1	1	nsubj
1711	身經	1	3	nsubj
1896	資優	1	2	nsubj
1906	人和	1	3	nsubj
1917	夢醒	1	2	nsubj
2000	鼓噪	1	3	nsubj
2129	氣結	1	2	nsubj
2617	量少	1	1	nsubj
2640	批發	7	2	nsubj
2787	心得	7	2	nsubj
3064	鞭策	2	2	nsubj
3106	心疼	2	1	nsubj
3161	肩負	2	1	nsubj
6	空談	1	1	v-head
17	預售	3	1	v-head
28	平躺	1	1	v-head
44	戲稱	2	1	v-head
64	緩繳	1	1	v-head
70	返銷	2	2	v-head
79	回報	5	1	v-head
94	附設	2	1	v-head
117	萎縮	10	2	v-head
142	偏愛	2	1	v-head
147	座落	11	2	v-head
150	毒殺	2	1	v-head
151	出賣	1	2	v-head
155	協拍	2	2	v-head
174	預估	10	2	v-head
182	回吐	1	2	v-head
191	慢跑	1	1	v-head
203	相遇	1	1	v-head
209	回升	13	1	v-head
235	改用	1	1	v-head
250	肆虐	1	3	v-head
256	兼顧	6	2	v-head
258	備受	7	1	v-head
284	盡速	7	2	v-head
296	入駐	5	2	v-head
336	力爭	19	1	v-head
338	滿懷	4	1	v-head
343	覆議	3	1	v-head
346	倍感	1	1	v-head
355	嚴加	2	2	v-head
369	宣示	14	1	v-head
374	煥發	2	1	v-head
377	相視	1	1	v-head
379	增發	1	2	v-head
413	關說	1	2	v-head
447	旅居	8	2	v-head
470	清算	3	2	v-head
479	天成	2	2	v-head
480	自力	2	2	v-head
506	少有	1	1	v-head
523	咸認	3	1	v-head
536	伴生	2	2	v-head
551	疑似	1	3	v-head
567	自保	1	1	v-head
573	統稱	2	1	v-head
592	齊聚	2	1	v-head
598	好吃	2	2	v-head
604	下陷	4	1	v-head
606	直航	8	2	v-head
615	冷落	1	1	v-head
620	對接	14	1	v-head
633	聳立	4	1	v-head
643	並重	1	2	v-head
646	超支	2	1	v-head
658	周轉	1	1	v-head
663	信守	2	3	v-head
666	和談	5	2	v-head
690	共計	3	2	v-head
691	農耕	1	1	v-head
709	宣洩	2	2	v-head
722	熱愛	12	2	v-head
725	改採	2	2	v-head
729	驚呼	3	1	v-head
733	輪轉	1	1	v-head
735	難忘	3	1	v-head
736	倍受	1	2	v-head
743	年產	5	1	v-head
752	契合	2	1	v-head
767	外嫁	1	2	v-head
780	環抱	1	1	v-head
783	力挫	1	1	v-head
797	滾動	2	1	v-head
807	散居	2	1	v-head
811	三通	42	2	v-head
829	速滑	5	1	v-head
843	草簽	2	1	v-head
844	續任	1	1	v-head
858	強姦	3	2	v-head
885	東移	1	3	v-head
887	接辦	1	2	v-head
899	安檢	1	2	v-head
901	慣用	3	1	v-head
910	騷動	3	2	v-head
912	毫不	2	3	v-head
913	勇奪	2	1	v-head
942	鵠候	1	3	v-head
973	北上	3	1	v-head
991	四顧	2	2	v-head
998	風聞	2	2	v-head
1058	雷動	1	2	v-head
1075	安撫	3	3	v-head
1079	燙傷	1	2	v-head
1087	盛產	3	1	v-head
1094	相煎	1	1	v-head
1106	密封	3	2	v-head
1121	暢談	3	1	v-head
1135	重返	10	1	v-head
1153	深有	2	2	v-head
1195	重蹈	2	1	v-head
1221	加印	1	2	v-head
1222	量販	28	1	v-head
1246	再現	2	1	v-head
1247	預訂	2	2	v-head
1284	精研	2	1	v-head
1293	試做	1	2	v-head
1310	中立	4	2	v-head
1317	精省	17	2	v-head
1324	低垂	1	1	v-head
1326	躁進	1	3	v-head
1346	安定	24	3	v-head
1381	側重	1	3	v-head
1394	鼎沸	1	2	v-head
1399	乍現	2	1	v-head
1403	偽造	11	1	v-head
1431	乾洗	2	1	v-head
1432	細數	3	1	v-head
1437	淡忘	2	2	v-head
1438	剴切	1	3	v-head
1445	榮膺	1	3	v-head
1461	初審	1	1	v-head
1476	初學	1	2	v-head
1482	廣佈	1	2	v-head
1512	代工	12	2	v-head
1519	相持	1	2	v-head
1520	增修	1	2	v-head
1522	高談	1	2	v-head
1530	相抵	1	2	v-head
1546	疾行	1	1	v-head
1550	原訂	1	2	v-head
1584	假造	1	2	v-head
1608	漸進	1	1	v-head
1609	偽裝	2	3	v-head
1615	偷襲	1	2	v-head
1629	預約	4	2	v-head
1634	明講	2	2	v-head
1648	明說	1	2	v-head
1680	亟思	3	1	v-head
1688	重組	25	1	v-head
1705	義演	3	2	v-head
1707	奮進	1	1	v-head
1712	震驚	13	1	v-head
1725	初創	1	1	v-head
1730	情殺	1	1	v-head
1735	群湧	1	1	v-head
1736	連任	3	1	v-head
1737	虐待	5	2	v-head
1752	假設	2	1	v-head
1763	出售	22	2	v-head
1774	混充	2	2	v-head
1779	合用	1	2	v-head
1788	錯估	2	1	v-head
1796	分包	2	1	v-head
1803	浮想	1	2	v-head
1806	仿做	1	2	v-head
1812	內斂	1	2	v-head
1827	沿用	4	2	v-head
1845	榮獲	6	1	v-head
1871	白教	2	2	v-head
1875	鵲起	1	2	v-head
1879	獨撐	1	1	v-head
1901	量產	4	1	v-head
1902	包辦	2	1	v-head
1904	重申	18	1	v-head
1927	出任	6	2	v-head
1933	沉睡	1	2	v-head
1954	油炸	1	1	v-head
1955	對開	1	1	v-head
1956	插播	1	2	v-head
1971	法治	4	3	v-head
1989	苦思	1	1	v-head
1992	外遇	2	3	v-head
1996	久待	1	2	v-head
2022	嚴禁	12	1	v-head
2058	預測	43	1	v-head
2062	補救	3	2	v-head
2066	坦承	11	1	v-head
2074	俯視	2	1	v-head
2083	內定	1	1	v-head
2087	加開	1	1	v-head
2100	好聽	3	1	v-head
2107	確知	1	1	v-head
2120	獨居	4	1	v-head
2150	縱貫	2	2	v-head
2163	輻射	13	2	v-head
2167	認購	6	2	v-head
2186	回溯	3	2	v-head
2189	互信	3	2	v-head
2205	禪坐	1	1	v-head
2212	遠離	7	1	v-head
2217	搶修	4	2	v-head
2218	強調	134	2	v-head
2229	共商	1	1	v-head
2233	寫道	7	3	v-head
2237	婉拒	2	1	v-head
2258	埋伏	1	2	v-head
2294	少見	3	1	v-head
2303	兼具	5	1	v-head
2306	高漲	8	1	v-head
2326	公募	1	1	v-head
2363	重整	3	1	v-head
2369	兼任	4	1	v-head
2372	熱衷	1	3	v-head
2396	合影	3	1	v-head
2405	獨創	2	1	v-head
2410	滯納	1	2	v-head
2426	全倒	2	1	v-head
2431	暴富	10	2	v-head
2436	共享	2	1	v-head
2442	共事	2	2	v-head
2453	遽變	3	1	v-head
2471	外聘	1	1	v-head
2495	實行	91	2	v-head
2519	自治	21	1	v-head
2548	吻合	3	1	v-head
2567	合奏	1	1	v-head
2579	佐證	1	2	v-head
2602	刁難	1	3	v-head
2623	蛻變	2	2	v-head
2628	聯防	3	1	v-head
2633	頓失	2	1	v-head
2677	預報	8	1	v-head
2680	合唱	2	1	v-head
2685	復決	2	1	v-head
2687	直驅	1	1	v-head
2700	半死	1	1	v-head
2710	激增	2	1	v-head
2718	偷打	1	1	v-head
2735	對立	17	2	v-head
2741	熟練	1	1	v-head
2745	復檢	2	2	v-head
2912	款待	2	2	v-head
2958	迷戀	1	2	v-head
2968	正中	1	2	v-head
3111	加設	1	1	v-head
3136	回應	24	1	v-head
4	撈錢	1	1	vobj
14	見面	8	1	vobj
20	淘金	2	1	vobj
21	吃力	1	2	vobj
24	奪權	1	1	vobj
61	吐信	1	1	vobj
73	授信	1	1	vobj
74	忘我	1	1	vobj
85	送貨	1	1	vobj
89	讀報	1	1	vobj
92	蜚聲	1	2	vobj
97	交際	1	3	vobj
102	賄選	5	1	vobj
127	關門	1	1	vobj
138	易幟	7	1	vobj
143	修法	1	1	vobj
152	投標	12	1	vobj
153	停建	4	2	vobj
159	從旁	2	3	vobj
164	放眼	16	1	vobj
171	回味	1	1	vobj
179	當心	1	1	vobj
206	傳功	1	1	vobj
208	除舊	1	1	vobj
210	修橋	1	1	vobj
214	包機	4	1	vobj
221	跑步	3	1	vobj
224	懸空	1	1	vobj
229	施教	1	1	vobj
231	立碑	1	1	vobj
234	拜年	4	1	vobj
236	成真	5	1	vobj
240	防蛀	1	2	vobj
243	拜師	1	1	vobj
244	取信	1	1	vobj
264	借才	2	1	vobj
272	留念	1	1	vobj
277	剌繡	1	1	vobj
283	供熱	1	2	vobj
309	改版	1	1	vobj
328	餵藥	1	1	vobj
329	臨場	1	1	vobj
353	照相	3	1	vobj
357	散步	2	3	vobj
373	搖錢	4	2	vobj
388	徵婚	6	1	vobj
393	避熱	1	1	vobj
400	選片	2	1	vobj
401	任職	12	1	vobj
404	弘法	4	1	vobj
409	道白	1	3	vobj
419	脫毒	3	2	vobj
441	養蜂	1	1	vobj
444	致力	13	3	vobj
449	定睛	1	1	vobj
454	滯後	2	2	vobj
459	登門	1	1	vobj
492	串門	1	1	vobj
510	壓歲	2	2	vobj
517	封棋	1	1	vobj
543	習醫	1	1	vobj
552	牟利	1	1	vobj
563	獲選	3	2	vobj
564	解碼	2	1	vobj
584	奠基	9	1	vobj
594	供暖	1	1	vobj
605	具象	1	2	vobj
608	緝毒	3	1	vobj
623	禮賢	1	2	vobj
628	著手	11	1	vobj
631	探頭	1	1	vobj
638	轉身	1	1	vobj
652	居家	3	3	vobj
654	漲價	3	1	vobj
660	動怒	1	2	vobj
668	過渡	25	3	vobj
673	開議	2	1	vobj
677	成材	1	1	vobj
686	擾民	1	1	vobj
689	過活	1	1	vobj
701	得勝	1	1	vobj
706	吃香	1	3	vobj
712	徵件	2	1	vobj
719	發貨	1	1	vobj
731	破土	1	1	vobj
732	得利	2	1	vobj
734	夭壽	1	2	vobj
741	排隊	13	2	vobj
756	專心	12	2	vobj
759	隨時	31	3	vobj
770	發證	1	1	vobj
771	進港	2	1	vobj
773	開行	2	2	vobj
776	紡紗	7	2	vobj
786	留世	1	1	vobj
791	攝政	2	2	vobj
794	死心	1	1	vobj
798	帶笑	1	1	vobj
801	渡海	1	1	vobj
805	打字	1	1	vobj
810	進洞	5	1	vobj
837	填海	1	1	vobj
845	上身	2	1	vobj
852	隔斷	1	2	vobj
856	提議	4	1	vobj
863	化冰	2	2	vobj
864	寬心	1	2	vobj
897	增支	1	1	vobj
898	加廠	1	1	vobj
931	建廠	8	1	vobj
936	利民	1	1	vobj
939	居功	1	1	vobj
945	放屁	1	3	vobj
954	說古	1	1	vobj
959	亮眼	1	1	vobj
960	造橋	1	1	vobj
961	裁軍	1	2	vobj
965	沐風	1	2	vobj
971	上課	19	2	vobj
977	維新	3	3	vobj
978	失傳	4	1	vobj
982	遷廠	1	1	vobj
996	朝聖	1	2	vobj
997	住房	47	1	vobj
999	跌價	5	1	vobj
1007	防汗	1	2	vobj
1009	解構	4	1	vobj
1010	服膺	1	3	vobj
1021	落塵	2	1	vobj
1024	炫目	1	1	vobj
1030	上街	4	1	vobj
1031	造林	3	1	vobj
1040	撥款	13	1	vobj
1044	媲美	3	3	vobj
1052	限期	5	1	vobj
1062	取鏡	1	2	vobj
1070	造景	1	2	vobj
1085	收場	3	2	vobj
1093	助困	1	1	vobj
1101	補虧	1	3	vobj
1163	健體	1	1	vobj
1173	打仗	3	1	vobj
1187	勒令	2	3	vobj
1188	鎖國	1	1	vobj
1189	撞期	1	2	vobj
1200	佈局	20	1	vobj
1204	學戲	1	2	vobj
1212	竭力	4	2	vobj
1217	開礦	2	1	vobj
1224	碰面	1	1	vobj
1229	拼音	1	1	vobj
1235	遇害	1	2	vobj
1237	販毒	5	1	vobj
1238	結果	132	3	vobj
1244	報時	1	1	vobj
1260	受賄	1	1	vobj
1267	致電	4	3	vobj
1274	經年	2	3	vobj
1282	咬牙	3	1	vobj
1286	使勁	1	1	vobj
1295	獲知	2	2	vobj
1303	補習	13	1	vobj
1307	昂頭	2	1	vobj
1308	入眠	1	1	vobj
1333	臨陣	1	3	vobj
1338	守寡	1	3	vobj
1339	寫信	1	1	vobj
1340	肆意	2	3	vobj
1341	割喉	1	1	vobj
1347	分批	1	2	vobj
1353	還價	10	1	vobj
1358	利己	1	1	vobj
1364	為樂	1	2	vobj
1365	變調	3	1	vobj
1366	戡亂	5	2	vobj
1370	爭鳴	1	3	vobj
1376	關機	10	1	vobj
1379	習畫	1	1	vobj
1392	出手	2	2	vobj
1417	購屋	3	1	vobj
1420	延任	15	2	vobj
1430	愛民	2	1	vobj
1433	進場	7	1	vobj
1434	解密	2	1	vobj
1440	問好	1	2	vobj
1460	辦桌	3	1	vobj
1462	點火	2	1	vobj
1463	立人	1	2	vobj
1472	發球	1	1	vobj
1473	發現	176	3	vobj
1475	錄影	2	2	vobj
1488	識貨	1	2	vobj
1489	爭食	2	1	vobj
1490	叫苦	1	2	vobj
1493	致辭	8	1	vobj
1496	搭檔	8	3	vobj
1510	停運	2	1	vobj
1511	披風	1	3	vobj
1515	踏青	1	1	vobj
1529	停辦	2	3	vobj
1540	舉證	1	1	vobj
1545	作主	4	2	vobj
1563	賀年	3	2	vobj
1564	欠債	1	1	vobj
1569	拉鋸	3	3	vobj
1589	上當	1	3	vobj
1590	返工	1	2	vobj
1594	過份	2	2	vobj
1595	簽約	16	1	vobj
1599	過人	1	1	vobj
1601	退堤	3	2	vobj
1619	過世	9	2	vobj
1631	致詞	2	1	vobj
1640	垂淚	1	2	vobj
1644	返家	1	1	vobj
1666	出境	6	2	vobj
1675	借重	4	3	vobj
1678	出場	3	1	vobj
1679	洗澡	1	2	vobj
1682	開業	33	1	vobj
1694	接班	3	1	vobj
1699	揭櫫	4	2	vobj
1708	判刑	2	1	vobj
1710	降價	4	1	vobj
1734	灌模	1	1	vobj
1738	脫黨	1	1	vobj
1757	問世	6	3	vobj
1764	保險	95	2	vobj
1772	入會	5	1	vobj
1785	纏身	3	2	vobj
1786	出品	1	2	vobj
1813	轉會	5	2	vobj
1822	揭曉	9	1	vobj
1835	排煙	1	1	vobj
1836	換桿	2	1	vobj
1838	晉級	2	1	vobj
1872	調酒	1	1	vobj
1880	移墾	2	2	vobj
1889	藉機	2	2	vobj
1897	費力	1	1	vobj
1903	驅車	3	1	vobj
1908	入憲	5	2	vobj
1923	求職	8	1	vobj
1924	跟蹤	6	2	vobj
1929	封頂	1	1	vobj
1947	獲悉	20	2	vobj
1957	排污	3	1	vobj
1970	握手	2	1	vobj
1978	開年	1	2	vobj
1979	發慌	1	3	vobj
1980	貶值	19	2	vobj
1983	合流	1	3	vobj
1990	禁捕	1	2	vobj
1994	開市	3	2	vobj
2007	閉市	1	1	vobj
2060	負傷	1	1	vobj
2065	盡力	5	1	vobj
2098	脫鉤	1	1	vobj
2099	立項	1	1	vobj
2106	離鄉	2	1	vobj
2119	彫蟲	1	1	vobj
2137	登山	3	1	vobj
2138	為人	1	1	vobj
2147	掉期	1	1	vobj
2152	歸鄉	1	1	vobj
2156	率團	2	1	vobj
2166	助醫	1	2	vobj
2169	抗菌	1	1	vobj
2183	問鼎	1	1	vobj
2199	顧店	1	1	vobj
2204	開國	5	1	vobj
2211	變法	6	1	vobj
2222	垮台	2	1	vobj
2226	閱兵	1	1	vobj
2228	調蓄	1	1	vobj
2231	治本	1	1	vobj
2235	過頭	2	1	vobj
2251	注意	66	3	vobj
2261	航海	2	1	vobj
2284	縮衣	1	1	vobj
2285	乏味	1	1	vobj
2291	開口	7	1	vobj
2293	埋下	6	1	vobj
2299	發噱	1	1	vobj
2305	導覽	1	2	vobj
2315	命名	8	1	vobj
2319	建軍	1	1	vobj
2324	進食	1	1	vobj
2332	授意	1	1	vobj
2339	發售	10	2	vobj
2344	掛帳	1	1	vobj
2345	轉向	19	2	vobj
2346	掛帥	8	1	vobj
2348	轉台	1	1	vobj
2364	排序	4	2	vobj
2366	借票	1	1	vobj
2368	拉皮	1	1	vobj
2370	安靜	4	1	vobj
2371	增量	1	1	vobj
2377	除險	1	1	vobj
2382	得票	2	1	vobj
2387	服刑	2	1	vobj
2390	獲准	16	2	vobj
2398	刺青	1	1	vobj
2406	限額	10	1	vobj
2421	建議	64	3	vobj
2439	行樂	2	1	vobj
2440	增速	6	1	vobj
2459	造陸	1	1	vobj
2460	發光	2	1	vobj
2461	降雪	1	1	vobj
2478	跳票	1	1	vobj
2479	接壤	2	1	vobj
2491	解雇	1	1	vobj
2507	透雨	1	1	vobj
2514	媚俗	2	1	vobj
2516	致殘	1	2	vobj
2528	弄虛	1	3	vobj
2530	認股	1	1	vobj
2531	就緒	4	2	vobj
2536	結髮	1	1	vobj
2537	緩衝	1	1	vobj
2544	佇足	2	1	vobj
2547	防霉	1	1	vobj
2549	造錢	1	1	vobj
2591	錄音	12	1	vobj
2593	減速	1	1	vobj
2595	增設	1	1	vobj
2599	投產	51	2	vobj
2611	生病	5	1	vobj
2612	檢體	3	1	vobj
2622	失眠	4	1	vobj
2627	計費	1	1	vobj
2631	接力	3	1	vobj
2641	燒窯	3	2	vobj
2642	騙稅	2	1	vobj
2651	保真	1	1	vobj
2655	出門	4	1	vobj
2670	圍城	1	1	vobj
2678	迎頭	1	1	vobj
2692	捧場	1	1	vobj
2702	遊街	1	1	vobj
2703	求救	1	1	vobj
2707	據說	13	2	vobj
2720	報銷	1	2	vobj
2736	退運	1	2	vobj
2743	為首	6	3	vobj
2744	停擺	2	2	vobj
2746	畏死	1	1	vobj
2750	脫節	6	1	vobj
2751	收繳	2	1	vobj
2756	傳奇	9	2	vobj
2765	追蹤	5	1	vobj
2766	排位	2	1	vobj
2771	跳水	8	1	vobj
2772	司儀	2	2	vobj
2774	逛街	2	1	vobj
2783	詬病	3	3	vobj
2790	求學	9	1	vobj
2791	冒險	5	1	vobj
2792	定義	12	2	vobj
2793	定罪	1	1	vobj
2799	溯源	1	1	vobj
2800	加班	3	1	vobj
2802	開頭	1	1	vobj
2803	失望	10	1	vobj
2806	復工	11	1	vobj
2816	入門	1	1	vobj
2822	摘要	4	2	vobj
2823	發霉	2	1	vobj
2827	舉例	19	1	vobj
2831	報考	6	1	vobj
2832	競標	2	1	vobj
2848	導播	1	1	vobj
2850	下雪	1	1	vobj
2851	請安	1	1	vobj
2868	動工	26	1	vobj
2871	爭光	3	1	vobj
2872	知心	1	1	vobj
2881	知己	1	1	vobj
2882	從事	60	1	vobj
2889	揚言	1	1	vobj
2899	隨意	7	1	vobj
2905	亮相	3	1	vobj
2907	瘦身	1	1	vobj
2916	題詞	2	1	vobj
2929	撰文	4	1	vobj
2936	分期	1	1	vobj
2937	除役	4	1	vobj
2944	起勁	1	1	vobj
2952	護身	1	1	vobj
2962	享樂	1	1	vobj
2967	消毒	1	1	vobj
2969	奪魁	1	1	vobj
2971	發病	1	1	vobj
2972	交棒	2	1	vobj
2976	祭祖	1	1	vobj
2983	迎戰	3	1	vobj
2986	到場	6	1	vobj
3003	鼓掌	2	1	vobj
3012	關心	59	1	vobj
3014	享年	1	1	vobj
3022	中毒	3	1	vobj
3023	感恩	4	1	vobj
3025	分叉	1	1	vobj
3026	報名	22	1	vobj
3035	結冰	1	1	vobj
3040	開懷	1	1	vobj
3052	修路	1	1	vobj
3056	理事	5	1	vobj
3057	上架	1	1	vobj
3058	開庭	1	1	vobj
3062	開幕	26	1	vobj
3082	舉目	1	1	vobj
3084	抽脂	1	1	vobj
3086	合格	6	1	vobj
3095	認證	13	2	vobj
3099	徵稅	3	1	vobj
3101	對話	41	1	vobj
3112	讀書	29	1	vobj
3119	謀生	2	1	vobj
3124	得當	2	3	vobj
3129	示威	4	1	vobj
3131	應邀	12	1	vobj
3132	缺德	1	1	vobj
3137	雕花	1	1	vobj
3138	曝光	10	1	vobj
3145	問道	2	2	vobj
3149	失真	1	2	vobj
3151	出關	1	1	vobj
3152	稱雄	2	1	vobj
3153	招標	6	1	vobj
3157	排卵	1	1	vobj
3166	回家	16	1	vobj
3167	出錯	1	2	vobj
16	遭致	2	3	vprt
29	變壞	1	1	vprt
65	吃光	1	2	vprt
71	還給	4	1	vprt
99	調漲	1	1	vprt
110	拉斷	1	1	vprt
125	合乎	3	1	vprt
132	摻進	2	1	vprt
156	撈起	1	1	vprt
186	遞給	1	1	vprt
196	回去	15	2	vprt
237	傳入	2	1	vprt
257	鑄成	2	1	vprt
260	設立	122	2	vprt
265	帶起	2	1	vprt
287	降至	6	1	vprt
290	傳來	8	1	vprt
313	萌發	1	1	vprt
326	嚇大	1	3	vprt
347	辦起	4	1	vprt
365	佔盡	1	1	vprt
372	挖到	7	1	vprt
376	說服	5	2	vprt
408	念出	1	2	vprt
422	往後	1	3	vprt
425	指出	414	1	vprt
440	擠破	1	2	vprt
450	搭起	3	1	vprt
457	危及	5	3	vprt
465	織成	1	1	vprt
490	偏向	1	1	vprt
495	退給	1	1	vprt
496	打敗	7	2	vprt
504	搞起	1	1	vprt
545	分給	2	1	vprt
547	漏失	2	1	vprt
556	拖去	1	1	vprt
557	打掉	2	1	vprt
581	奪回	3	1	vprt
587	漾出	1	1	vprt
595	講出	1	1	vprt
617	抓好	8	2	vprt
627	擒獲	1	1	vprt
653	招來	2	2	vprt
675	修好	1	2	vprt
678	破壞	34	3	vprt
707	帶給	5	1	vprt
715	跑好	1	1	vprt
716	踏出	4	1	vprt
723	逃生	1	1	vprt
775	找回	3	1	vprt
781	懷有	2	2	vprt
800	寫成	4	1	vprt
823	往前	2	1	vprt
828	練成	1	1	vprt
839	建成	130	1	vprt
859	投入	140	1	vprt
862	跨到	1	1	vprt
869	編成	1	2	vprt
882	下起	2	2	vprt
889	張大	1	2	vprt
896	擺明	1	2	vprt
923	落實	46	3	vprt
932	召開	87	2	vprt
951	往下	5	2	vprt
952	往上	3	2	vprt
962	織出	2	1	vprt
967	投下	5	1	vprt
994	包住	1	2	vprt
1001	調來	1	2	vprt
1022	跑來	2	1	vprt
1046	交由	3	2	vprt
1050	過慣	1	2	vprt
1056	鎖定	4	2	vprt
1067	飲用	1	2	vprt
1072	刷新	1	2	vprt
1078	說來	4	2	vprt
1081	掀起	18	1	vprt
1096	附有	1	2	vprt
1110	躺進	1	1	vprt
1111	打傷	1	1	vprt
1125	豎立	1	1	vprt
1127	打倒	4	1	vprt
1129	扣上	1	1	vprt
1130	脫去	2	1	vprt
1146	改善	102	1	vprt
1151	轉給	1	2	vprt
1152	趕到	3	1	vprt
1171	逼得	2	3	vprt
1178	瞪大	1	1	vprt
1211	響起	6	1	vprt
1225	放到	6	1	vprt
1228	切斷	1	2	vprt
1242	揭穿	1	1	vprt
1253	放入	8	1	vprt
1279	抹黑	1	1	vprt
1280	步出	1	1	vprt
1297	通往	6	1	vprt
1298	設在	1	2	vprt
1301	練出	1	1	vprt
1302	湧向	2	2	vprt
1305	站到	1	3	vprt
1332	邁出	10	1	vprt
1336	浸濕	1	1	vprt
1355	添得	1	3	vprt
1360	分成	6	2	vprt
1363	高達	19	3	vprt
1367	湧出	1	1	vprt
1377	成倍	5	3	vprt
1385	竄出	3	1	vprt
1393	寫下	2	1	vprt
1395	寫上	2	1	vprt
1398	限定	5	3	vprt
1400	步上	2	1	vprt
1404	劃入	2	1	vprt
1419	結成	6	3	vprt
1423	寄出	1	1	vprt
1435	作到	2	2	vprt
1436	創出	4	2	vprt
1450	喊出	3	1	vprt
1485	挑起	5	1	vprt
1491	咬死	1	3	vprt
1514	跳高	4	1	vprt
1525	授給	1	2	vprt
1554	創下	16	2	vprt
1560	衰落	1	2	vprt
1561	進去	15	1	vprt
1562	擦出	1	1	vprt
1580	剪下	1	1	vprt
1588	運來	3	1	vprt
1635	當起	2	2	vprt
1643	擊出	1	1	vprt
1652	填入	3	2	vprt
1661	跳開	1	1	vprt
1663	造出	4	1	vprt
1673	降到	7	2	vprt
1690	撮合	1	2	vprt
1704	減低	3	1	vprt
1716	除下	1	2	vprt
1743	傳給	4	1	vprt
1767	送到	12	2	vprt
1780	蓋起	3	2	vprt
1797	送入	2	1	vprt
1800	翻成	1	1	vprt
1801	始自	1	2	vprt
1834	打響	5	2	vprt
1849	握有	4	2	vprt
1851	塌下	2	2	vprt
1883	奏起	4	1	vprt
1910	出來	131	2	vprt
1913	摸到	3	2	vprt
1935	考完	1	2	vprt
1943	談起	14	2	vprt
1946	輸掉	2	2	vprt
1948	稱作	4	2	vprt
1951	飽和	3	3	vprt
1958	換掉	1	2	vprt
1959	離開	40	3	vprt
1961	說道	2	1	vprt
1965	帶到	3	2	vprt
1981	拿給	1	2	vprt
2012	挑空	1	1	vprt
2013	迎來	10	1	vprt
2017	轉往	6	1	vprt
2024	丟掉	6	1	vprt
2026	載有	2	1	vprt
2036	貼上	5	1	vprt
2044	冷卻	2	3	vprt
2045	鋪上	1	1	vprt
2049	烙下	1	1	vprt
2054	買下	3	1	vprt
2056	載明	1	1	vprt
2071	咬回	1	1	vprt
2097	探明	7	1	vprt
2111	偵破	2	1	vprt
2116	納入	24	1	vprt
2127	借自	1	2	vprt
2132	打起	1	1	vprt
2142	避開	2	1	vprt
2143	攤開	5	1	vprt
2157	取消	35	3	vprt
2159	襲來	3	1	vprt
2171	越過	1	1	vprt
2176	老去	2	1	vprt
2179	關上	1	1	vprt
2190	超過	165	3	vprt
2209	搬入	1	1	vprt
2219	攻進	1	1	vprt
2236	跳脫	2	1	vprt
2245	損及	1	2	vprt
2275	秀出	1	1	vprt
2279	匯給	1	1	vprt
2282	望去	3	1	vprt
2283	跌落	1	2	vprt
2288	擺開	1	1	vprt
2327	下定	1	1	vprt
2337	浮上	1	1	vprt
2354	抓緊	7	1	vprt
2376	流出	1	1	vprt
2389	圍成	3	1	vprt
2399	裝好	1	1	vprt
2425	長到	1	1	vprt
2430	轉冷	1	2	vprt
2437	增進	17	2	vprt
2445	標出	4	1	vprt
2446	點上	1	1	vprt
2463	犯有	1	1	vprt
2472	提及	8	1	vprt
2477	揉和	1	1	vprt
2522	丟到	1	1	vprt
2526	吃完	3	1	vprt
2532	擺起	1	1	vprt
2551	換來	2	1	vprt
2566	渡過	1	2	vprt
2594	變得	6	1	vprt
2597	悟出	1	1	vprt
2601	推去	1	1	vprt
2603	變強	1	1	vprt
2615	載到	1	1	vprt
2619	吸入	1	1	vprt
2647	敗給	2	1	vprt
2661	猜到	1	1	vprt
2675	遇見	2	1	vprt
2688	變小	4	1	vprt
2693	載來	1	1	vprt
2711	推來	1	1	vprt
2732	召回	2	1	vprt
2770	撤走	1	1	vprt
2776	建立	245	2	vprt
2778	成立	230	2	vprt
2784	取出	2	1	vprt
2797	帶走	1	1	vprt
2798	去到	1	1	vprt
2804	看見	5	1	vprt
2814	搬進	2	1	vprt
2818	蹦出	1	1	vprt
2825	加深	12	1	vprt
2826	拿到	12	1	vprt
2839	劃清	4	1	vprt
2852	長達	2	2	vprt
2853	卸下	3	1	vprt
2856	佈滿	2	1	vprt
2862	校正	1	1	vprt
2864	抽出	1	1	vprt
2865	算來	1	1	vprt
2869	壓掉	1	1	vprt
2870	看穿	1	1	vprt
2876	留下	54	1	vprt
2878	提起	7	1	vprt
2890	加快	96	1	vprt
2898	料到	1	1	vprt
2903	放寬	13	1	vprt
2908	產下	2	1	vprt
2913	評定	1	1	vprt
2914	跌倒	2	1	vprt
2918	募到	1	1	vprt
2921	學會	18	1	vprt
2922	付清	2	1	vprt
2926	躲過	1	1	vprt
2935	傳達	7	1	vprt
2943	增多	22	1	vprt
2956	減少	81	1	vprt
2961	栽入	1	1	vprt
2966	遭到	20	1	vprt
2973	站上	5	1	vprt
2982	播完	1	1	vprt
2985	拋開	6	1	vprt
2989	寄予	4	2	vprt
2993	拿起	2	1	vprt
2998	過來	14	1	vprt
3002	送回	1	1	vprt
3007	追回	1	1	vprt
3016	擊倒	2	1	vprt
3017	靠近	3	1	vprt
3020	到來	22	1	vprt
3036	敲開	3	1	vprt
3038	分作	1	2	vprt
3044	迫使	4	3	vprt
3047	看到	108	1	vprt
3051	夾起	1	1	vprt
3053	偵結	1	1	vprt
3081	釐清	8	1	vprt
3116	住進	2	1	vprt
3117	爭相	7	1	vprt
3127	提出	189	1	vprt
3135	擠進	1	1	vprt
